name,category,seo_keyword
FREKVENS,Bar furniture,Extérieur table bar
NORDVIKEN,Bar furniture,Table bar haute
NORDVIKEN / NORDVIKEN,Bar furniture,Ensemble bar 4 tabourets
STIG,Bar furniture,Tabouret bar dossier
NORBERG,Bar furniture,Table murale rabattable
INGOLF,Bar furniture,Tabouret bar dossier
FRANKLIN,Bar furniture,Tabouret bar pliable
DALFRED,Bar furniture,Tabouret bar réglable
FRANKLIN,Bar furniture,Tabouret bar pliable
EKEDALEN / EKEDALEN,Bar furniture,Ensemble bar 4 tabourets
FRANKLIN,Bar furniture,Tabouret bar pliable
INGOLF,Bar furniture,Tabouret bar dossier
NORRARYD,Bar furniture,Tabouret bar dossier
FREKVENS,Bar furniture,Tabouret bar extérieur
EKEDALEN,Bar furniture,Tabouret bar dossier
TOMMARYD,Bar furniture,Table extensible
HENRIKSDAL,Bar furniture,Tabouret bar cadre
KULLABERG,Bar furniture,Tabouret
JANINGE,Bar furniture,Tabouret bar
FRANKLIN,Bar furniture,Tabouret bar pliable
EKEDALEN,Bar furniture,Table bar haute
RÅSKOG,Bar furniture,Tabouret bar
JANINGE,Bar furniture,Tabouret bar
EKEDALEN,Bar furniture,Table bar haute
EKEDALEN,Bar furniture,Tabouret bar dossier
EKEDALEN,Bar furniture,Tabouret bar dossier
EKEDALEN,Bar furniture,Table bar haute
HENRIKSDAL,Bar furniture,Tabouret bar dossier
STENSELE / NORRARYD,Bar furniture,Ensemble bar 2 tabourets
STENSELE,Bar furniture,Table bar carrée
NORRÅKER,Bar furniture,Table bar carrée
HENRIKSDAL,Bar furniture,Tabouret bar dossier
NORRÅKER / NORRÅKER,Bar furniture,Ensemble bar 2 tabourets
YNGVAR,Bar furniture,Tabouret bar
HENRIKSDAL,Bar furniture,Housse tabouret bar
NORRÅKER,Bar furniture,Tabouret bar dossier
NORDVIKEN,Bar furniture,Tabouret bar dossier
NORRÅKER / NORRARYD,Bar furniture,Ensemble bar 2 tabourets
EKEDALEN / EKEDALEN,Bar furniture,Ensemble bar 4 tabourets
EKEDALEN / EKEDALEN,Bar furniture,Ensemble bar 4 tabourets
BERNHARD,Bar furniture,Tabouret bar dossier
NORRÅKER / NORRÅKER,Bar furniture,Ensemble bar 2 tabourets
NORRÅKER / NORRARYD,Bar furniture,Ensemble bar 2 tabourets
STENSELE,Bar furniture,Table bar carrée
GLENN,Bar furniture,Tabouret bar
NORRÅKER / NORRÅKER,Bar furniture,Ensemble bar 2 tabourets
RÅSKOG,Bar furniture,Tabouret bar
MINNEN,Beds,Cadre lit extensible
BRIMNES,Beds,Cadre lit rangement
SMÅGÖRA,Beds,Lit bébé
PLATSA,Beds,Cadre lit 4 tiroirs
VATTVIKEN,Beds,Fauteuil lit
SLÄKT,Beds,Cadre lit extensible
BRIMNES,Beds,Cadre lit rangement
NEIDEN,Beds,Cadre lit simple
LEIRVIK,Beds,Cadre lit double
NEIDEN,Beds,Cadre lit double
HEMNES,Beds,Cadre lit double
SLATTUM,Beds,Cadre lit capitonné
NEIDEN,Beds,Cadre lit simple
SAGSTUA,Beds,Cadre lit double
BRIMNES,Beds,Cadre lit rangement
ASKVOLL,Beds,Cadre lit double
TRYSIL,Beds,Cadre lit double
MALM,Beds,Cadre lit haut
RAMSTA,Beds,Cadre lit banquette
SONGESAND,Beds,Cadre lit double
MALM,Beds,Cadre lit haut rangement
SNIGLAR,Beds,Cadre lit sommier
LAUVIK,Beds,Lit clic-clac
BRIMNES,Beds,Cadre lit rangement
HEMNES,Beds,Cadre lit banquette
NESTTUN,Beds,Cadre lit double
TYSSEDAL,Beds,Cadre lit double
MALM,Beds,Cadre lit haut rangement
MALM,Beds,Cadre lit haut
SLÄKT,Beds,Cadre lit rangement
RIDABU,Beds,Porte miroir
KRITTER,Beds,Cadre lit sommier
HEMNES,Beds,Cadre lit rangement
PLATSA,Beds,Cadre lit 10 portes
SAGSTUA,Beds,Cadre lit simple
SANDVIKA,Beds,Lit d'appoint
NEIDEN,Beds,Cadre lit double
MINNEN,Beds,Cadre lit extensible
SLÄKT,Beds,Cadre lit sommier
HAMMARN,Beds,Canapé-lit
BJÖRKSNÄS,Beds,Cadre lit double
SLÄKT,Beds,Pouf matelas pliable
NORDLI,Beds,Cadre lit rangement
FYRESDAL,Beds,Cadre lit banquette
SONGESAND,Beds,Cadre lit rangement
MALM,Beds,Cadre lit haut rangement
MYDAL,Beds,Lit superposé
TUFFING,Beds,Lit superposé
SÄBÖVIK,Beds,Lit clic-clac
LYCKSELE,Beds,Canapé-lit coffre
TARVA,Beds,Cadre lit double
HEMNES,Beds,Cadre lit simple
HEMNES,Beds,Cadre lit simple
BUSUNGE,Beds,Lit gigogne
MARKERAD,Beds,Cadre lit banquette
GJÖRA,Beds,Cadre lit double
UTÅKER,Beds,Lit superposable
BRYNE,Beds,Filet
KURA,Beds,Lit réversible
FRIHETEN,Beds,Canapé d'angle coffre
VITVAL,Beds,Sommier rangement
LURÖY,Beds,Sommier à lattes
SNIGLAR,Beds,Lit bébé
HEMNES,Beds,Cadre lit rangement
HEMNES,Beds,Cadre lit banquette
MALM,Beds,Cadre lit haut
SLÄKT,Beds,Sommier rangement
DELAKTIG,Beds,Cadre lit tête de lit
STUVA,Beds,Lit mezzanine étagères
LAUVIK,Beds,Lit clic-clac
VIMLE,Beds,Housse canapé d'angle
KONGSFJORD,Beds,Lit clic-clac
NYHAMN,Beds,Canapé-lit coussins
NYHAMN,Beds,Matelas mousse
SLÄKT,Beds,Cadre lit rangement
ASKEBY,Beds,Canapé-lit 2 places
BRIMNES,Beds,Tête de lit rangement
SUNDVIK,Beds,Cadre lit extensible
MALM,Beds,Lit coffre
HEMNES,Beds,Lit banquette matelas
SOLGUL,Beds,Berceau matelas
MYDAL,Beds,Lit superposé
NORDLI,Beds,Cadre lit rangement
VIKARE,Beds,Barrière de lit
DELAKTIG,Beds,Tête de lit
TUFFING,Beds,Lit mezzanine
VALLENTUNA,Beds,Module canapé-lit
VITVAL,Beds,Plateau de bureau
PLATSA,Beds,Cadre lit 10 tiroirs
PLATSA,Beds,Cadre lit rangement
PLATSA,Beds,Cadre lit rangement
VITVAL,Beds,Lit superposé coffre
BUSUNGE,Beds,Lit gigogne
NYHAMN,Beds,Matelas ressorts ensachés
BRIMNES,Beds,Cadre lit banquette
SONGESAND,Beds,Cadre lit rangement
LAUVIK,Beds,Lit clic-clac
SLÄKT,Beds,Cadre lit rangement
SVÄRTA,Beds,Lit superposé
VALLENTUNA,Beds,Canapé modulable
LYCKSELE MURBO,Beds,Canapé-lit 2 places
DELAKTIG,Beds,Ensemble lit tables
PLATSA,Beds,Cadre lit 2 tiroirs
MARKERAD,Beds,Housse lit banquette
LYCKSELE LÖVÅS,Beds,Matelas
UTÅKER,Beds,Lit superposable matelas
SUNDVIK,Beds,Cadre lit extensible
PLATSA,Beds,Cadre lit rangement
BRYNILEN,Beds,Pied de lit
FYRESDAL,Beds,Lit banquette matelas
VALLENTUNA,Beds,Module canapé-lit
DELAKTIG,Beds,Cadre lit double
BRIMNES,Beds,Tête de lit rangement
SLÄKT,Beds,Cadre lit extensible
SUFFLETT,Beds,Tente de lit
KURA,Beds,Tente de lit rideau
LÖVA,Beds,Auvent de lit
HEMNES,Beds,Lit banquette matelas
FLEKKE,Beds,Cadre lit banquette
MARKERAD,Beds,Lit banquette
PLATSA,Beds,Cadre lit rangement
KURA,Beds,Tente de lit rideau
STUVA / FÖLJA,Beds,Lit mezzanine rangement
DELAKTIG,Beds,Ensemble lit tables
GRÄLVIKEN,Beds,Canapé-lit 3 places
HOLMSUND,Beds,Canapé-lit 3 places
LAUVIK,Beds,Lit clic-clac
STUVA / FRITIDS,Beds,Lit mezzanine rangement
SVÄRTA,Beds,Lit mezzanine
PLATSA,Beds,Cadre lit 4 tiroirs
GRÖNLID,Beds,Canapé-lit 2 places
VITVAL,Beds,Lit superposé
GRÖNLID,Beds,Canapé d'angle
BRIMNES,Beds,Lit banquette matelas
SLÄKT,Beds,Coffre roulettes
NORDLI,Beds,Tête de lit
DELAKTIG,Beds,Cadre lit tête de lit
GONATT,Beds,Lit bébé
BRENNÅSEN,Beds,Pied de lit
BRÅTHULT,Beds,Canapé d'angle
PLATSA,Beds,Cadre lit rangement
SVÄRTA,Beds,Lit mezzanine bureau
NYHAMN,Beds,Canapé-lit 3 places
LIDHULT,Beds,Canapé d'angle
BURFJORD,Beds,Pied de lit
VALLENTUNA,Beds,Canapé modulable
VITVAL,Beds,Lit mezzanine bureau
VALLENTUNA,Beds,Canapé modulable
LIDHULT,Beds,Module canapé-lit
DELAKTIG,Beds,Tête de lit
GULLIVER,Beds,Lit bébé
DELAKTIG,Beds,Accessoire tête de lit
FLOTTEBO,Beds,Canapé-lit table
DELAKTIG,Beds,Ensemble lit tables
VIMLE,Beds,Canapé-lit 3 places
NYHAMN,Beds,Canapé-lit 3 places
SULTAN,Beds,Pied de soutien
BÅTSFJORD,Beds,Pied de lit
KONGSFJORD,Beds,Lit clic-clac
FLEKKE,Beds,Lit banquette matelas
SUNDVIK,Beds,Lit bébé
SANDBACKEN,Beds,Canapé d'angle
HOLMSUND,Beds,Canapé d'angle
VALLENTUNA,Beds,Canapé modulable
FLOTTEBO,Beds,Canapé-lit
NYHAMN,Beds,Canapé-lit coussins
SVÄRTA,Beds,Plateau de bureau
LIDHULT,Beds,Canapé d'angle
GRÖNLID,Beds,Canapé-lit 3 places
STUVA / FRITIDS,Beds,Lit mezzanine rangement
LYCKSELE HÅVET,Beds,Matelas
SUNDVIK,Beds,Lit bébé
FRIHETEN,Beds,Canapé-lit 3 places
VIMLE,Beds,Module canapé-lit
GRÖNLID,Beds,Canapé-lit 3 places
BJORLI,Beds,Pied de lit
SLÄKT,Beds,Tête de lit
KURA,Beds,Tente de lit
KURA,Beds,Tente de lit
VALLENTUNA,Beds,Canapé modulable
LIDHULT,Beds,Module canapé-lit
BRATTVÅG,Beds,Pied de lit
VALLENTUNA,Beds,Canapé modulable
GRÖNLID,Beds,Canapé-lit 3 places
LYCKSELE MURBO,Beds,Matelas
STUVA / FRITIDS,Beds,Lit bébé tiroirs
VITVAL,Beds,Lit mezzanine
VIMLE,Beds,Canapé-lit 2 places
FLOTTEBO,Beds,Canapé-lit table
LYCKSELE LÖVÅS,Beds,Canapé-lit 2 places
GRÖNLID,Beds,Canapé d'angle
VIMLE,Beds,Canapé d'angle
LIDHULT,Beds,Canapé-lit 2 places
VIMLE,Beds,Canapé-lit 3 places
VIMLE,Beds,Canapé-lit 3 places
STUVA / FRITIDS,Beds,Lit bébé tiroirs
STUVA / FÖLJA,Beds,Lit mezzanine rangement
GONATT,Beds,Lit bébé
SUFFLETT,Beds,Tente de lit
STUVA / FRITIDS,Beds,Lit bébé tiroirs
FLOTTEBO,Beds,Canapé-lit
LIDHULT,Beds,Canapé-lit 3 places
LYCKSELE HÅVET,Beds,Canapé-lit 2 places
GRÖNLID,Beds,Canapé-lit 2 places
LIDHULT,Beds,Canapé-lit 3 places
STUVA / FÖLJA,Beds,Lit bébé avec tiroirs
LIDHULT,Beds,Canapé-lit 2 places
STUVA / FRITIDS,Beds,Lit bébé avec tiroirs
JONAXEL,Bookcases & shelving units,Structure avec paniers
OLAUS,Bookcases & shelving units,Étagère 1 section
JONAXEL,Bookcases & shelving units,Structure avec paniers/étagères
KOLBJÖRN,Bookcases & shelving units,Armoire intérieure/extérieure
JONAXEL,Bookcases & shelving units,Étagère
IVAR,Bookcases & shelving units,Étagère avec table/armoires
GERSBY,Bookcases & shelving units,Bibliothèque
KALLAX,Bookcases & shelving units,Étagère
LACK,Bookcases & shelving units,Étagère murale
HYLLIS,Bookcases & shelving units,Étagère
KALLAX,Bookcases & shelving units,Étagère
JONAXEL,Bookcases & shelving units,Étagère
HYLLIS,Bookcases & shelving units,Étagère
LACK,Bookcases & shelving units,Étagère murale
LAIVA,Bookcases & shelving units,Bibliothèque
SVALNÄS,Bookcases & shelving units,Bureau avec 2 tiroirs
KALLAX,Bookcases & shelving units,Insert d'étagère
VITTSJÖ,Bookcases & shelving units,Étagère
BILLY,Bookcases & shelving units,Bibliothèque
BILLY,Bookcases & shelving units,Bibliothèque
JONAXEL,Bookcases & shelving units,Étagère
HYLLIS,Bookcases & shelving units,Étagère intérieure/extérieure
KALLAX,Bookcases & shelving units,Ensemble bureau
IVAR,Bookcases & shelving units,Étagère
KALLAX,Bookcases & shelving units,Étagère
VITTSJÖ,Bookcases & shelving units,Étagère
HEJNE,Bookcases & shelving units,Section 1 étagère
LOMMARP,Bookcases & shelving units,Bibliothèque
IVAR,Bookcases & shelving units,Armoire
FJÄLLBO,Bookcases & shelving units,Étagère
OBSERVATÖR,Bookcases & shelving units,Panier à clipser
KALLAX,Bookcases & shelving units,Étagère avec 4 inserts
BILLY,Bookcases & shelving units,Bibliothèque
EKET,Bookcases & shelving units,Ensemble armoire murale
BILLY,Bookcases & shelving units,Bibliothèque
LACK,Bookcases & shelving units,Étagère murale
EKET,Bookcases & shelving units,Armoire 2 portes/2 étagères
GNEDBY,Bookcases & shelving units,Étagère
LIATORP,Bookcases & shelving units,Porte panneau/verre
BESTÅ,Bookcases & shelving units,Étagère
LACK,Bookcases & shelving units,Étagère murale
IVAR,Bookcases & shelving units,Rangement avec table pliable
EKET,Bookcases & shelving units,Ensemble armoires avec pieds
BILLY / OXBERG,Bookcases & shelving units,Bibliothèque avec portes en verre
HEJNE,Bookcases & shelving units,Étagère 2 pièces
FINNBY,Bookcases & shelving units,Bibliothèque
VITTSJÖ,Bookcases & shelving units,Étagère
BILLY / OXBERG,Bookcases & shelving units,Bibliothèque avec portes
IVAR,Bookcases & shelving units,Armoire avec portes
VILTO,Bookcases & shelving units,Étagère
BILLY,Bookcases & shelving units,Bibliothèque
KALLAX,Bookcases & shelving units,Étagère
SVALNÄS,Bookcases & shelving units,Étagère
BILLY / OXBERG,Bookcases & shelving units,Bibliothèque
EKET,Bookcases & shelving units,Ensemble rangement mural
JONAXEL,Bookcases & shelving units,Structure/paniers/étagère
VITTSJÖ,Bookcases & shelving units,Étagère avec table portable
BESTÅ,Bookcases & shelving units,Ensemble rangement avec portes
FJÄLLBO,Bookcases & shelving units,Étagère
OLAUS,Bookcases & shelving units,Panier à clipser
HEMNES,Bookcases & shelving units,Bibliothèque
BILLY / OXBERG,Bookcases & shelving units,Bibliothèque avec porte en verre
KALLAX,Bookcases & shelving units,Étagère avec 2 inserts
HYLLIS,Bookcases & shelving units,Étagère avec couvercle
BILLY / OXBERG,Bookcases & shelving units,Bibliothèque avec portes
KALLAX,Bookcases & shelving units,Étagère
BRUSALI,Bookcases & shelving units,Bibliothèque
KALLAX,Bookcases & shelving units,Étagère avec portes
BESTÅ / EKET,Bookcases & shelving units,Ensemble armoire TV
STUK,Bookcases & shelving units,Boîte de rangement
JONAXEL,Bookcases & shelving units,Panier métallique
BESTÅ,Bookcases & shelving units,Étagère
KALLAX,Bookcases & shelving units,Étagère
BRIMNES,Bookcases & shelving units,Bibliothèque
BILLY,Bookcases & shelving units,Étagère supplémentaire
OLAUS,Bookcases & shelving units,Étagère
BOTTNA,Bookcases & shelving units,Chéneau de livre
BILLY,Bookcases & shelving units,Bibliothèque
IVAR,Bookcases & shelving units,Étagère
EKET,Bookcases & shelving units,Ensemble armoire avec pieds
ALGOT,Bookcases & shelving units,Étagère
KOLBJÖRN,Bookcases & shelving units,Armoire intérieure/extérieure
MOSTORP,Bookcases & shelving units,Étagère murale
BILLY,Bookcases & shelving units,Bibliothèque avec portes en verre
OBSERVATÖR,Bookcases & shelving units,Panier à clipser
BILLY,Bookcases & shelving units,Bibliothèque avec portes panneau/verre
FJÄLLBO,Bookcases & shelving units,Étagère
KOLBJÖRN,Bookcases & shelving units,Armoire intérieure/extérieure
IVAR,Bookcases & shelving units,Armoire avec portes
VITTSJÖ,Bookcases & shelving units,Ensemble rangement TV
ALGOT,Bookcases & shelving units,Séchoir mural/étagères
EDVALLA,Bookcases & shelving units,Poignée
BILLY,Bookcases & shelving units,Bibliothèque
JONAXEL,Bookcases & shelving units,Structure/paniers/étagère
KALLAX,Bookcases & shelving units,Étagère avec 4 inserts
ALGOT,Bookcases & shelving units,Séchoir mural/étagères
EKET,Bookcases & shelving units,Ensemble armoire murale
KALLAX,Bookcases & shelving units,Étagère
EKET,Bookcases & shelving units,Ensemble armoire avec pieds
EKET,Bookcases & shelving units,Ensemble armoire murale
ALGOT,Bookcases & shelving units,Panier métallique
OLAUS,Bookcases & shelving units,2 sections d'étagères
KALLAX,Bookcases & shelving units,Étagère avec portes
BILLY / BOTTNA,Bookcases & shelving units,Bibliothèque avec étagère
LIATORP,Bookcases & shelving units,Ensemble rangement avec portes
HYLLIS,Bookcases & shelving units,Étagère avec couvercle
VITTSJÖ,Bookcases & shelving units,Ensemble rangement
EKET,Bookcases & shelving units,Ensemble armoire avec pieds
KOLBJÖRN,Bookcases & shelving units,Étagère intérieure/extérieure
EKET,Bookcases & shelving units,Étagère murale
IVAR,Bookcases & shelving units,Section 1/étagères
EKET,Bookcases & shelving units,Armoire 4 compartiments
EKET,Bookcases & shelving units,Ensemble armoire avec pieds
VITTSJÖ,Bookcases & shelving units,Ensemble rangement
BESTÅ,Bookcases & shelving units,Ensemble rangement avec portes
KALLAX,Bookcases & shelving units,Étagère avec portes
STUK,Bookcases & shelving units,Boîte de rangement
HEJNE,Bookcases & shelving units,4 sections/étagères
JONAXEL,Bookcases & shelving units,Structure
ALGOT,Bookcases & shelving units,Rail de montage
MORLIDEN,Bookcases & shelving units,Porte en verre
BESTÅ,Bookcases & shelving units,Meuble TV avec portes
LIATORP,Bookcases & shelving units,Bibliothèque
BESTÅ,Bookcases & shelving units,Ensemble rangement avec portes en verre
BROR,Bookcases & shelving units,Crochet pour poteau
BILLY,Bookcases & shelving units,Bibliothèque
BESTÅ,Bookcases & shelving units,Ensemble rangement avec portes/tiroirs
HYLLIS,Bookcases & shelving units,Couverture
SVALNÄS,Bookcases & shelving units,Étagère
BILLY / OXBERG,Bookcases & shelving units,Bibliothèque avec porte panneau/verre
BILLY / OXBERG,Bookcases & shelving units,Bibliothèque avec porte
IVAR,Bookcases & shelving units,Étagère
ENETRI,Bookcases & shelving units,Étagère
BESTÅ,Bookcases & shelving units,Ensemble rangement TV
GUBBARP,Bookcases & shelving units,Bouton
ALGOT,Bookcases & shelving units,Tringle pour supports
JONAXEL,Bookcases & shelving units,Étagère supérieure pour structure
JONAXEL,Bookcases & shelving units,Structure avec paniers/roulettes
BESTÅ,Bookcases & shelving units,Ensemble rangement avec portes
BILLY / OXBERG,Bookcases & shelving units,Bibliothèque
EKET,Bookcases & shelving units,Sous-structure
IVAR,Bookcases & shelving units,Étagère avec armoires/tiroirs
BILLY / OXBERG,Bookcases & shelving units,Bibliothèque avec extension/portes
HEMNES,Bookcases & shelving units,Ensemble rangement avec portes/tiroirs
BILLY,Bookcases & shelving units,Bibliothèque
IVAR,Bookcases & shelving units,Section 1/étagères/tiroirs
IVAR,Bookcases & shelving units,2 sections/rangement avec table pliable
BESTÅ,Bookcases & shelving units,Structure
KOLBJÖRN,Bookcases & shelving units,Étagère avec armoire
ALGOT,Bookcases & shelving units,Séchoir mural/étagères
EKET,Bookcases & shelving units,Armoire 2 portes/1 étagère
JONAXEL,Bookcases & shelving units,Tringle à vêtements réglable
JONAXEL,Bookcases & shelving units,Panier métallique
SVALNÄS,Bookcases & shelving units,Ensemble espace de travail mural
VITTSJÖ,Bookcases & shelving units,Étagère avec table portable
BILLY / GNEDBY,Bookcases & shelving units,Bibliothèque
BILLY / OXBERG,Bookcases & shelving units,Bibliothèque
EKET,Bookcases & shelving units,Armoire avec porte
BROR,Bookcases & shelving units,Étagère
ALGOT,Bookcases & shelving units,Séchoir
IVAR,Bookcases & shelving units,Étagère
KALLAX,Bookcases & shelving units,Insert avec porte
IVAR,Bookcases & shelving units,3 sections/étagères
BESTÅ,Bookcases & shelving units,Unité d'armoire
FIXA,Bookcases & shelving units,Gabarit de perçage
JONAXEL,Bookcases & shelving units,Structures/tringles/étagères
BESTÅ,Bookcases & shelving units,Structure
EKET,Bookcases & shelving units,Ensemble armoire avec pieds
EKET,Bookcases & shelving units,Armoire
OBSERVATÖR,Bookcases & shelving units,Contrefiche
KALLAX,Bookcases & shelving units,Insert avec 2 tiroirs
SVALNÄS,Bookcases & shelving units,Étagère
JONAXEL,Bookcases & shelving units,Structure avec paniers
BILLY / OXBERG,Bookcases & shelving units,Bibliothèque avec portes panneau/verre
BESTÅ,Bookcases & shelving units,Meuble TV avec tiroirs
BESTÅ,Bookcases & shelving units,Meuble TV
IVAR,Bookcases & shelving units,Section 1/rangement avec table pliable
KOLBJÖRN,Bookcases & shelving units,Étagère avec 2 armoires
HEDRA,Bookcases & shelving units,Bouton
BESTÅ,Bookcases & shelving units,Pied de soutien
JONAXEL,Bookcases & shelving units,Panier métallique
BAGGANÄS,Bookcases & shelving units,Bouton
ÖSTERNÄS,Bookcases & shelving units,Poignée en cuir
BROR,Bookcases & shelving units,Étagère
ALGOT,Bookcases & shelving units,Étagère
EKET,Bookcases & shelving units,Armoire avec 3 tiroirs
BESTÅ,Bookcases & shelving units,Ensemble rangement avec portes
SKUBB,Bookcases & shelving units,Boîte de rangement
IVAR,Bookcases & shelving units,Étagère
BROR,Bookcases & shelving units,Plan de travail
HYLLIS,Bookcases & shelving units,Couverture
KOLBJÖRN,Bookcases & shelving units,Étagère avec armoire
KALLAX,Bookcases & shelving units,Insert avec 1 étagère
JONAXEL,Bookcases & shelving units,Structure avec paniers
IVAR,Bookcases & shelving units,Armoire avec portes
EDVALLA,Bookcases & shelving units,Poignée
JONAXEL,Bookcases & shelving units,Structure avec paniers/roulettes
JONAXEL,Bookcases & shelving units,Structure/paniers/tringles
ALGOT,Bookcases & shelving units,Support
SVALNÄS,Bookcases & shelving units,Élément mural
BESTÅ,Bookcases & shelving units,Étagère en verre
EKET,Bookcases & shelving units,Ensemble armoire murale
BESTÅ,Bookcases & shelving units,Ensemble rangement avec portes en verre
BESTÅ / EKET,Bookcases & shelving units,Ensemble armoire TV
IVAR,Bookcases & shelving units,Section 1/étagères
BAGGANÄS,Bookcases & shelving units,Bouton
SKÅDIS,Bookcases & shelving units,Connecteur pour ALGOT
HAVSTA,Bookcases & shelving units,Étagère avec socle
EKET,Bookcases & shelving units,Sous-structure
BROR,Bookcases & shelving units,Étagère avec armoires
BILLY,Bookcases & shelving units,Bibliothèque
BESTÅ,Bookcases & shelving units,Meuble TV avec portes
IVAR,Bookcases & shelving units,4 sections/étagères/armoire
EKET,Bookcases & shelving units,Armoire avec 2 tiroirs
EKET,Bookcases & shelving units,Ensemble armoire avec pieds
JONAXEL,Bookcases & shelving units,Structure avec paniers
NANNARP,Bookcases & shelving units,Pied
ENERYDA,Bookcases & shelving units,Bouton
EKET,Bookcases & shelving units,Raccords de connexion
BESTÅ,Bookcases & shelving units,Ensemble armoire murale
BESTÅ,Bookcases & shelving units,Panneau supérieur
BILLY / MORLIDEN,Bookcases & shelving units,Bibliothèque avec porte en verre
IVAR,Bookcases & shelving units,2 sections/rangement avec table pliable
KALLAX,Bookcases & shelving units,Étagère avec 6 inserts
EKET,Bookcases & shelving units,Ensemble armoire avec pieds
ALGOT,Bookcases & shelving units,Support
KOLBJÖRN,Bookcases & shelving units,Étagère intérieure/extérieure
BESTÅ,Bookcases & shelving units,Rail de suspension
JONAXEL,Bookcases & shelving units,Structure avec paniers
EKET,Bookcases & shelving units,Armoire
ALGOT,Bookcases & shelving units,Élément mural/étagères
KALLAX,Bookcases & shelving units,Étagère avec 4 inserts
EKET,Bookcases & shelving units,Armoire avec porte et 2 étagères
IVAR,Bookcases & shelving units,Étagère
BROR,Bookcases & shelving units,Étagère
JONAXEL,Bookcases & shelving units,Structure avec tringle à vêtements
BESTÅ,Bookcases & shelving units,Meuble TV avec tiroirs
EKET,Bookcases & shelving units,Étagère murale 4 compartiments
EKET,Bookcases & shelving units,Sous-structure
BESTÅ BURS,Bookcases & shelving units,Meuble TV
HEJNE,Bookcases & shelving units,Poteau
BILLY,Bookcases & shelving units,Extension de hauteur
STUBBARP,Bookcases & shelving units,Pied
ENERYDA,Bookcases & shelving units,Bouton
BESTÅ,Bookcases & shelving units,Meuble TV
BROR,Bookcases & shelving units,etagère de rangement
BILLY,Bookcases & shelving units,étagère supplémentaire
BESTÅ,Bookcases & shelving units,cadre de meuble
BILLSBRO,Bookcases & shelving units,poignée de meuble
IVAR,Bookcases & shelving units,unité d'étagères 4 sections
OLAUS,Bookcases & shelving units,cache-étagère
HEMNES,Bookcases & shelving units,bibliothèque haute
SELSVIKEN,Bookcases & shelving units,façade de tiroir
BILLY / MORLIDEN,Bookcases & shelving units,bibliothèque
KALLAX,Bookcases & shelving units,bureau combiné
VITTSJÖ,Bookcases & shelving units,meuble de rangement combiné
BILLSBRO,Bookcases & shelving units,grande poignée de meuble
GLASSVIK,Bookcases & shelving units,porte vitrée
BILLY / OXBERG,Bookcases & shelving units,bibliothèque porte vitrée
BESTÅ,Bookcases & shelving units,meuble TV portes vitrées
GALANT,Bookcases & shelving units,meuble à étagères
LAPPVIKEN,Bookcases & shelving units,porte de meuble
EKET,Bookcases & shelving units,pieds réglables
EKET,Bookcases & shelving units,meuble mural combiné
SKUBB,Bookcases & shelving units,boîte de rangement
BESTÅ,Bookcases & shelving units,meuble TV bas
BROR,Bookcases & shelving units,grande étagère de rangement
EKET,Bookcases & shelving units,étagère murale
SVALNÄS,Bookcases & shelving units,étagère murale
ALGOT,Bookcases & shelving units,étagère murale
BROR,Bookcases & shelving units,support de meuble
NOTVIKEN,Bookcases & shelving units,façade porte/tiroir
OXBERG,Bookcases & shelving units,grande porte vitrée
BESTÅ,Bookcases & shelving units,meuble TV bas
BESTÅ,Bookcases & shelving units,glissière tiroir fermeture douce
BERGHALLA,Bookcases & shelving units,petite poignée de meuble
BILLY / MORLIDEN,Bookcases & shelving units,grande bibliothèque
IVAR,Bookcases & shelving units,barre à vêtements
BESTÅ,Bookcases & shelving units,meuble rangement portes vitrées
BAGGANÄS,Bookcases & shelving units,bouton de meuble
BILLY / OXBERG,Bookcases & shelving units,bibliothèque haute
SVALNÄS,Bookcases & shelving units,étagère murale combinée
BOTTNA,Bookcases & shelving units,étagère de présentation
SULARP,Bookcases & shelving units,pied de meuble
JONAXEL,Bookcases & shelving units,pieds et roulettes
ALGOT,Bookcases & shelving units,meuble mural étagères
BROR,Bookcases & shelving units,grande étagère
HYLLIS,Bookcases & shelving units,étagères avec caches
BILLY / BOTTNA,Bookcases & shelving units,bibliothèque avec étagère
KALLAX,Bookcases & shelving units,étagère 8 inserts
BILLY / OXBERG,Bookcases & shelving units,bibliothèque portes vitrées
BESTÅ / EKET,Bookcases & shelving units,meuble TV combiné
BILLY,Bookcases & shelving units,grande bibliothèque
BESTÅ,Bookcases & shelving units,meuble TV portes vitrées
ALGOT,Bookcases & shelving units,meuble mural séchoir
JONAXEL,Bookcases & shelving units,meuble rangement paniers
ALGOT,Bookcases & shelving units,étagère murale
ENERYDA,Bookcases & shelving units,poignée de meuble
IVAR,Bookcases & shelving units,unité d'étagères 3 sections
BILLY / BOTTNA,Bookcases & shelving units,bibliothèque avec étagère
BROR,Bookcases & shelving units,étagère de rangement
ENERYDA,Bookcases & shelving units,bouton de meuble
BESTÅ,Bookcases & shelving units,cadre de meuble
BESTÅ,Bookcases & shelving units,glissière tiroir push-open
BESTÅ,Bookcases & shelving units,dessus de meuble TV
IVAR,Bookcases & shelving units,unité d'étagères 2 sections
JONAXEL,Bookcases & shelving units,meuble paniers roulettes
IVAR,Bookcases & shelving units,unité d'étagères 2 sections
BESTÅ,Bookcases & shelving units,meuble rangement portes
HEMNES,Bookcases & shelving units,très grande bibliothèque
BILLY / MORLIDEN,Bookcases & shelving units,bibliothèque portes vitrées
BROR,Bookcases & shelving units,grande étagère
BROR,Bookcases & shelving units,étagère avec armoire
IVAR,Bookcases & shelving units,unité d'étagères 2 sections
JONAXEL,Bookcases & shelving units,étagère avec barre vêtements
BILLY / OXBERG,Bookcases & shelving units,bibliothèque rallonge portes
JONAXEL,Bookcases & shelving units,meuble paniers barres
BESTÅ,Bookcases & shelving units,meuble TV bas
BILLY / OXBERG,Bookcases & shelving units,grande bibliothèque
NOTVIKEN,Bookcases & shelving units,façade de tiroir
BESTÅ,Bookcases & shelving units,meuble TV portes tiroirs
BILLY / OXBERG,Bookcases & shelving units,bibliothèque
LIATORP,Bookcases & shelving units,meuble de rangement
BROR,Bookcases & shelving units,chariot de service
MÖLLARP,Bookcases & shelving units,poignée de meuble
BROR,Bookcases & shelving units,étagère de rangement
HACKÅS,Bookcases & shelving units,bouton de meuble
HACKÅS,Bookcases & shelving units,poignée de meuble
ALGOT,Bookcases & shelving units,rail coulissant pour paniers
BESTÅ,Bookcases & shelving units,cadre de meuble
BESTÅ,Bookcases & shelving units,cadre de meuble
IVAR,Bookcases & shelving units,meuble latéral
HEJNE,Bookcases & shelving units,unité d'étagères 3 sections
BESTÅ,Bookcases & shelving units,cadre de meuble
SVALNÄS,Bookcases & shelving units,meuble de rangement mural
KALLAX,Bookcases & shelving units,étagère 4 inserts
KOLBJÖRN,Bookcases & shelving units,étagère 2 armoires
IVAR,Bookcases & shelving units,étagère rails cache
ORRNÄS,Bookcases & shelving units,bouton de meuble
JONAXEL,Bookcases & shelving units,cadre de meuble
BILLY / OXBERG,Bookcases & shelving units,bibliothèque portes vitrées
IVAR,Bookcases & shelving units,étagère rails
BESTÅ,Bookcases & shelving units,cadre de tiroir
VEBERÖD,Bookcases & shelving units,étagère de rangement
BILLY,Bookcases & shelving units,bibliothèque rallonge portes
IVAR,Bookcases & shelving units,unité d'étagères 4 sections
BESTÅ,Bookcases & shelving units,meuble rangement portes vitrées
EKET,Bookcases & shelving units,meuble combiné pieds
IVAR,Bookcases & shelving units,cache-étagère
HAVSTA,Bookcases & shelving units,étagère avec socle
SVALNÄS,Bookcases & shelving units,meuble de rangement mural
BESTÅ,Bookcases & shelving units,meuble TV portes vitrées
ALGOT,Bookcases & shelving units,meuble mural séchoir
BESTÅ,Bookcases & shelving units,meuble TV bas
BESTÅ,Bookcases & shelving units,meuble TV portes vitrées
JONAXEL,Bookcases & shelving units,meuble paniers barres
BAGGANÄS,Bookcases & shelving units,poignée de meuble
KOLBJÖRN,Bookcases & shelving units,étagère intérieur/extérieur
JONAXEL,Bookcases & shelving units,meuble paniers
SELSVIKEN,Bookcases & shelving units,façade porte/tiroir
BESTÅ,Bookcases & shelving units,charnière fermeture douce
EKET,Bookcases & shelving units,rail de suspension
BILLSBRO,Bookcases & shelving units,poignée de meuble
HACKÅS,Bookcases & shelving units,poignée de meuble
LAPPVIKEN,Bookcases & shelving units,façade de tiroir
BESTÅ,Bookcases & shelving units,cadre de tiroir
BESTÅ,Bookcases & shelving units,étagère en verre
LAPPVIKEN,Bookcases & shelving units,façade porte/tiroir
MOSSARYD,Bookcases & shelving units,poignée de meuble
BROR,Bookcases & shelving units,support de meuble
KALLAX,Bookcases & shelving units,étagère 4 inserts
IVAR,Bookcases & shelving units,porte-bouteilles
BROR,Bookcases & shelving units,armoire 2 portes
BILLY,Bookcases & shelving units,rallonge de hauteur
LAXVIKEN,Bookcases & shelving units,porte de meuble
KALLAX,Bookcases & shelving units,étagère 10 inserts
IVAR,Bookcases & shelving units,étagère avec cache
IVAR,Bookcases & shelving units,meuble 2 sections table
IVAR,Bookcases & shelving units,étagère métallique
VASSVIKEN,Bookcases & shelving units,porte de meuble
EKET,Bookcases & shelving units,meuble mural combiné
BESTÅ,Bookcases & shelving units,meuble TV portes vitrées
BROR,Bookcases & shelving units,étagère de rangement
BESTÅ,Bookcases & shelving units,meuble TV portes vitrées
HAVSTA,Bookcases & shelving units,meuble de rangement
JONAXEL,Bookcases & shelving units,meuble rangement paniers
ALGOT,Bookcases & shelving units,étagère murale
ALGOT,Bookcases & shelving units,meuble mural étagères
IVAR,Bookcases & shelving units,meuble 2 sections armoire
JONAXEL,Bookcases & shelving units,meuble paniers barres
ALGOT,Bookcases & shelving units,meuble mural séchoir
OLAUS,Bookcases & shelving units,2 sections d'étagères
IVAR,Bookcases & shelving units,meuble 3 sections étagères
VITTSJÖ,Bookcases & shelving units,meuble TV rangement
ALGOT,Bookcases & shelving units,étagère de rangement
EKET,Bookcases & shelving units,sous-meuble
BILLSBRO,Bookcases & shelving units,poignée de meuble
HISHULT,Bookcases & shelving units,bouton de meuble
BILLSBRO,Bookcases & shelving units,poignée de meuble
KLACKBERG,Bookcases & shelving units,bouton de meuble
BROR,Bookcases & shelving units,étagère de rangement
BESTÅ,Bookcases & shelving units,dessus de meuble TV
OXBERG,Bookcases & shelving units,porte de meuble
EKET,Bookcases & shelving units,armoire porte étagère
BEKANT,Bookcases & shelving units,étagère de rangement
JONAXEL,Bookcases & shelving units,meuble rangement paniers
SELSVIKEN,Bookcases & shelving units,porte de meuble
ENERYDA,Bookcases & shelving units,poignée de meuble
ÖSTERNÄS,Bookcases & shelving units,poignée cuir
IVAR,Bookcases & shelving units,tiroir
OXBERG,Bookcases & shelving units,porte vitrée
IVAR,Bookcases & shelving units,étagère rails
IVAR,Bookcases & shelving units,étagère rails
HAVSTA,Bookcases & shelving units,socle
ALGOT,Bookcases & shelving units,étagère murale
BILLSBRO,Bookcases & shelving units,poignée de meuble
KALLAX,Bookcases & shelving units,étagère 8 inserts
BJÄRRED,Bookcases & shelving units,poignée de meuble
SVALNÄS,Bookcases & shelving units,meuble mural combiné
IVAR,Bookcases & shelving units,unité d'étagères 3 sections
ALGOT,Bookcases & shelving units,meuble mural étagères
BILLSBRO,Bookcases & shelving units,très grande poignée
EKET,Bookcases & shelving units,meuble combiné pieds
BILLY / BOTTNA,Bookcases & shelving units,bibliothèque avec étagère
UPPLEVA,Bookcases & shelving units,support TV pivotant
BROR,Bookcases & shelving units,meuble rangement chariot
EKET,Bookcases & shelving units,meuble mural combiné
VITTSJÖ,Bookcases & shelving units,meuble de rangement
ALGOT,Bookcases & shelving units,meuble mural étagères
BILLSBRO,Bookcases & shelving units,très grande poignée
UPPLEVA,Bookcases & shelving units,support mural TV
ALGOT,Bookcases & shelving units,étagère murale
GALANT,Bookcases & shelving units,élément supplémentaire
SVALNÄS,Bookcases & shelving units,meuble mural combiné
ALGOT,Bookcases & shelving units,meuble mural étagères
IVAR,Bookcases & shelving units,étagère rails cache
HANVIKEN,Bookcases & shelving units,façade de tiroir
HAVSTA,Bookcases & shelving units,meuble rangement portes vitrées
BROR,Bookcases & shelving units,étagère avec armoires
ALGOT,Bookcases & shelving units,meuble mural séchoir
VASSVIKEN,Bookcases & shelving units,façade porte/tiroir
EKET,Bookcases & shelving units,meuble mural combiné
KALLRÖR,Bookcases & shelving units,poignée de meuble
BILLSBRO,Bookcases & shelving units,poignée de meuble
IVAR,Bookcases & shelving units,unité d'étagères 2 sections
BAGGANÄS,Bookcases & shelving units,poignée de meuble
BROR,Bookcases & shelving units,étagère de rangement
BILLY,Bookcases & shelving units,raccords d'angle
SINDVIK,Bookcases & shelving units,porte vitrée
MÖLLARP,Bookcases & shelving units,bouton de meuble
KALLVIKEN,Bookcases & shelving units,porte de meuble
KALLVIKEN,Bookcases & shelving units,façade porte/tiroir
KALLVIKEN,Bookcases & shelving units,façade de tiroir
BROR,Bookcases & shelving units,étagère de rangement
IVAR,Bookcases & shelving units,étagère
MOSSARYD,Bookcases & shelving units,poignée de meuble
EKET,Bookcases & shelving units,rail de suspension
BROR,Bookcases & shelving units,étagère avec armoires
VITTSJÖ,Bookcases & shelving units,meuble de rangement
BESTÅ,Bookcases & shelving units,dessus de meuble
ALGOT,Bookcases & shelving units,étagère murale
EKET,Bookcases & shelving units,pied de meuble
OXBERG,Bookcases & shelving units,porte vitrée
SVALNÄS,Bookcases & shelving units,armoire 2 portes
BROR,Bookcases & shelving units,support de meuble
KLIMPEN,Bookcases & shelving units,pied de table rangement
HANVIKEN,Bookcases & shelving units,façade porte/tiroir
STALLARP,Bookcases & shelving units,pied de meuble
KALLRÖR,Bookcases & shelving units,poignée de meuble
BESTÅ,Bookcases & shelving units,cadre de meuble
HAVSTA,Bookcases & shelving units,étagère de rangement
SVALNÄS,Bookcases & shelving units,étagère murale combinée
BROR,Bookcases & shelving units,étagère de rangement
SINDVIK,Bookcases & shelving units,porte vitrée
HYLLIS,Bookcases & shelving units,étagères avec caches
ALGOT,Bookcases & shelving units,étagère murale
BROR,Bookcases & shelving units,étagère de rangement
GLASSVIK,Bookcases & shelving units,porte vitrée
TIMMERVIKEN,Bookcases & shelving units,façade de tiroir
BESTÅ,Bookcases & shelving units,meuble TV portes vitrées
STOCKVIKEN,Bookcases & shelving units,porte de meuble
BESTÅ,Bookcases & shelving units,meuble mural 2 portes
ALGOT / SKÅDIS,Bookcases & shelving units,meuble mural étagères
BROR,Bookcases & shelving units,support de meuble
SVALNÄS,Bookcases & shelving units,meuble de rangement mural
BILLY / MORLIDEN,Bookcases & shelving units,bibliothèque portes vitrées
IVAR,Bookcases & shelving units,1 section porte-bouteilles
GALANT,Bookcases & shelving units,élément supplémentaire
EKET,Bookcases & shelving units,meuble combiné pieds
BROR,Bookcases & shelving units,étagère de rangement
BESTÅ,Bookcases & shelving units,meuble TV bas
IVAR,Bookcases & shelving units,étagère rails cache
IVAR,Bookcases & shelving units,étagère
IVAR,Bookcases & shelving units,étagère armoires tiroirs
HANVIKEN,Bookcases & shelving units,porte de meuble
VASSVIKEN,Bookcases & shelving units,Drawer front
BILLY / MORLIDEN,Bookcases & shelving units,Bookcase
ALGOT,Bookcases & shelving units,Wall shelving unit
BROR,Bookcases & shelving units,Shelving unit with cabinets
IVAR,Bookcases & shelving units,Shelving unit with rails
IVAR,Bookcases & shelving units,Shelving unit with table
SKÄRHAMN,Bookcases & shelving units,Knob
IVAR,Bookcases & shelving units,Side unit
BOTTNA,Bookcases & shelving units,Display shelf
IVAR,Bookcases & shelving units,3-section shelving unit
IVAR,Bookcases & shelving units,Shelving unit with rail
JONAXEL,Bookcases & shelving units,Frame with baskets
IVAR,Bookcases & shelving units,Shelving unit with drawers
UPPLEVA,Bookcases & shelving units,Fixed TV wall bracket
NOTVIKEN,Bookcases & shelving units,Door
IVAR,Bookcases & shelving units,3-section shelving unit
IVAR,Bookcases & shelving units,Shelving unit with drawers
IVAR,Bookcases & shelving units,Shelving unit
HISHULT,Bookcases & shelving units,Handle
ORRNÄS,Bookcases & shelving units,Handle
BILLSBRO,Bookcases & shelving units,Handle
IVAR,Bookcases & shelving units,2-section shelving unit
RIKSVIKEN,Bookcases & shelving units,Door
KALLAX,Bookcases & shelving units,Mirror door insert
KALLRÖR,Bookcases & shelving units,Handle
IVAR,Bookcases & shelving units,Shelving unit with rail
IVAR,Bookcases & shelving units,2-section shelving unit
SVALNÄS,Bookcases & shelving units,Wall-mounted workspace
JONAXEL,Bookcases & shelving units,Frame with baskets
IVAR,Bookcases & shelving units,Shelving unit with drawers
KOLBJÖRN,Bookcases & shelving units,Shelving unit with cabinet
SVALNÄS,Bookcases & shelving units,Wall-mounted shelf
IVAR,Bookcases & shelving units,3-section shelving unit
ALGOT,Bookcases & shelving units,2-section shelving unit
TIMMERVIKEN,Bookcases & shelving units,Door
BILLY,Bookcases & shelving units,Bookcase combination
JONAXEL,Bookcases & shelving units,Frame with baskets
VITTSJÖ,Bookcases & shelving units,Storage combination
JONAXEL,Bookcases & shelving units,Frame with baskets
BROR,Bookcases & shelving units,Shelving unit
IVAR,Bookcases & shelving units,3-section shelving unit
ALGOT / BROR,Bookcases & shelving units,Shelving unit with cabinet
BROR,Bookcases & shelving units,Shelving unit
ALGOT,Bookcases & shelving units,Wall shelving unit
IVAR,Bookcases & shelving units,Shelving unit with drawers
JONAXEL,Bookcases & shelving units,Frame with baskets
TIMMERVIKEN,Bookcases & shelving units,Door/drawer front
IVAR,Bookcases & shelving units,Drawer
ALGOT,Bookcases & shelving units,Wall upright with baskets
ALGOT,Bookcases & shelving units,3-section shelving unit
SVALNÄS,Bookcases & shelving units,Wall-mounted storage
JONAXEL,Bookcases & shelving units,Frame with baskets
ALGOT,Bookcases & shelving units,Wall shelving unit
TIMMERVIKEN,Cabinets & cupboards,Door
BESTÅ,Cabinets & cupboards,Storage with glass doors
TIMMERVIKEN,Cabinets & cupboards,Door/drawer front
BESTÅ,Cabinets & cupboards,TV bench with drawers
GLASSVIK,Cabinets & cupboards,Glass door
KALLAX,Cabinets & cupboards,Shelving unit
EKET,Cabinets & cupboards,Cabinet combination
IVAR,Cabinets & cupboards,Cabinet
LOMMARP,Cabinets & cupboards,Cabinet with glass doors
DETOLF,Cabinets & cupboards,Glass-door cabinet
KALLAX,Cabinets & cupboards,Shelving unit with inserts
BILLY / OXBERG,Cabinets & cupboards,Bookcase with doors
SYVDE,Cabinets & cupboards,Cabinet with glass doors
EKET,Cabinets & cupboards,Cabinet combination
LIXHULT,Cabinets & cupboards,Storage combination
LIXHULT,Cabinets & cupboards,Cabinet
BILLY / OXBERG,Cabinets & cupboards,Bookcase with door
HEMNES,Cabinets & cupboards,Glass-door cabinet
BILLY / OXBERG,Cabinets & cupboards,Bookcase with doors
BESTÅ,Cabinets & cupboards,Storage with doors
LIXHULT,Cabinets & cupboards,Cabinet combination
BRUSALI,Cabinets & cupboards,High cabinet with door
IVAR,Cabinets & cupboards,Cabinet with doors
BRIMNES,Cabinets & cupboards,Cabinet with doors
LIXHULT,Cabinets & cupboards,Wall-mounted cabinet
BRIMNES,Cabinets & cupboards,Cabinet with doors
ROTHULT,Cabinets & cupboards,Smart lock
BRUSALI,Cabinets & cupboards,Cabinet with doors
HEMNES,Cabinets & cupboards,Sideboard
LIXHULT,Cabinets & cupboards,Storage combination
BILLY / OXBERG,Cabinets & cupboards,Bookcase
LIATORP,Cabinets & cupboards,Glass-door cabinet
BESTÅ,Cabinets & cupboards,Storage with doors
LIATORP,Cabinets & cupboards,Sideboard
IVAR,Cabinets & cupboards,Cabinet with doors
LIXHULT,Cabinets & cupboards,Cabinet
BRIMNES,Cabinets & cupboards,Glass-door cabinet
EKET,Cabinets & cupboards,Wall-mounted cabinet
MILSBO,Cabinets & cupboards,Glass-door cabinet
BILLY / OXBERG,Cabinets & cupboards,Bookcase with glass doors
HAVSTA,Cabinets & cupboards,Cabinet with plinth
LIATORP,Cabinets & cupboards,Bookcase with glass doors
LIXHULT,Cabinets & cupboards,Storage combination
IKEA PS,Cabinets & cupboards,Cabinet
EKET,Cabinets & cupboards,Cabinet combination
FABRIKÖR,Cabinets & cupboards,Glass-door cabinet
BESTÅ,Cabinets & cupboards,Storage with doors
BILLY,Cabinets & cupboards,Bookcase with glass doors
REGISSÖR,Cabinets & cupboards,Cabinet
BESTÅ,Cabinets & cupboards,TV bench with doors
BESTÅ,Cabinets & cupboards,TV storage combination
BILLY / MORLIDEN,Cabinets & cupboards,Bookcase with glass door
EDVALLA,Cabinets & cupboards,Drop handle
PLATSA,Cabinets & cupboards,Storage combination
LIXHULT,Cabinets & cupboards,Cabinet
HEMNES,Cabinets & cupboards,High cabinet with glass door
BESTÅ,Cabinets & cupboards,Storage with doors
BRYGGJA,Cabinets & cupboards,Storage unit
BILLY / OXBERG,Cabinets & cupboards,Bookcase with doors
LIXHULT,Cabinets & cupboards,Cabinet combination
LIXHULT,Cabinets & cupboards,Storage combination
BEKANT,Cabinets & cupboards,Storage unit with lock
ERIK,Cabinets & cupboards,File cabinet
BESTÅ,Cabinets & cupboards,Shelf
BESTÅ,Cabinets & cupboards,Frame
MALSJÖ,Cabinets & cupboards,Sideboard unit
HAVSTA,Cabinets & cupboards,Cabinet with plinth
LIXHULT,Cabinets & cupboards,Storage combination
GALANT,Cabinets & cupboards,Storage with sliding doors
GALANT,Cabinets & cupboards,Cabinet with doors
HÄLLAN,Cabinets & cupboards,Storage with doors
UPPLEVA,Cabinets & cupboards,Tilt/swivel TV bracket
HÄLLAN,Cabinets & cupboards,Storage with doors
BESTÅ,Cabinets & cupboards,Frame
FABRIKÖR,Cabinets & cupboards,Glass-door cabinet
BILLY / MORLIDEN,Cabinets & cupboards,Bookcase with glass doors
GUBBARP,Cabinets & cupboards,Knob
EKET,Cabinets & cupboards,Cabinet combination
IDÅSEN,Cabinets & cupboards,High cabinet with drawer
BESTÅ,Cabinets & cupboards,TV bench
HAVSTA,Cabinets & cupboards,Glass-door cabinet
BESTÅ,Cabinets & cupboards,Suspension rail
BESTÅ,Cabinets & cupboards,Shelf
BESTÅ,Cabinets & cupboards,Cabinet unit
LIXHULT,Cabinets & cupboards,Storage combination
BRIMNES,Cabinets & cupboards,Storage with glass doors
HAVSTA,Cabinets & cupboards,Storage with glass doors
BESTÅ BURS,Cabinets & cupboards,TV bench
MARKERAD,Cabinets & cupboards,Glass-door cabinet
EKET,Cabinets & cupboards,Cabinet combination
GALANT,Cabinets & cupboards,Storage with sliding doors
HÄLLAN,Cabinets & cupboards,Storage with doors
HAVSTA,Cabinets & cupboards,Cabinet with plinth
BESTÅ,Cabinets & cupboards,Wall-mounted cabinet
EKET,Cabinets & cupboards,Cabinet with drawers
BESTÅ,Cabinets & cupboards,Hinge
HAVSTA,Cabinets & cupboards,Storage combination
BESTÅ,Cabinets & cupboards,TV storage combination
REGISSÖR,Cabinets & cupboards,Glass-door cabinet
BESTÅ,Cabinets & cupboards,Wall cabinet with doors
HÄLLAN,Cabinets & cupboards,Cabinet
BESTÅ,Cabinets & cupboards,Storage with glass doors
LIXHULT,Cabinets & cupboards,Storage combination
FIXA,Cabinets & cupboards,Drill template
ENERYDA,Cabinets & cupboards,Knob
HAVSTA,Cabinets & cupboards,Plinth
BESTÅ,Cabinets & cupboards,TV bench
BESTÅ,Cabinets & cupboards,Frame
LIATORP,Cabinets & cupboards,Storage with doors
BESTÅ,Cabinets & cupboards,Storage with glass doors
EDVALLA,Cabinets & cupboards,Drop handle
BESTÅ,Cabinets & cupboards,Frame
BESTÅ,Cabinets & cupboards,TV bench with doors
BESTÅ,Cabinets & cupboards,Glass shelf
LIXHULT,Cabinets & cupboards,Cabinet
HEDRA,Cabinets & cupboards,Knob
NANNARP,Cabinets & cupboards,Leg
SELSVIKEN,Cabinets & cupboards,Door/drawer front
HAVSTA,Cabinets & cupboards,Cabinet
HAVSTA,Cabinets & cupboards,Storage combination
HACKÅS,Cabinets & cupboards,Handle
BESTÅ,Cabinets & cupboards,TV bench
LAPPVIKEN,Cabinets & cupboards,Drawer front
BESTÅ,Cabinets & cupboards,Glass shelf
BILLY / OXBERG,Cabinets & cupboards,Bookcase
BESTÅ,Cabinets & cupboards,Frame
HÄLLAN,Cabinets & cupboards,Cabinet
HAVSTA,Cabinets & cupboards,Glass-door cabinet
GALANT,Cabinets & cupboards,Cabinet with sliding doors
BESTÅ,Cabinets & cupboards,Storage with doors
LIXHULT,Cabinets & cupboards,Storage combination
BESTÅ,Cabinets & cupboards,Storage with glass doors
NOTVIKEN,Cabinets & cupboards,Drawer front
BESTÅ,Cabinets & cupboards,Storage with doors/drawers
ENERYDA,Cabinets & cupboards,Handle
BESTÅ,Cabinets & cupboards,Frame
BESTÅ / EKET,Cabinets & cupboards,TV cabinet combination
EKET,Cabinets & cupboards,Wall-mounted cabinet
BILLY / OXBERG,Cabinets & cupboards,Bookcase
HÄLLAN,Cabinets & cupboards,Storage with doors
HAVSTA,Cabinets & cupboards,Storage with sliding doors
LAPPVIKEN,Cabinets & cupboards,Door/drawer front
LIXHULT,Cabinets & cupboards,Storage combination
BEKANT,Cabinets & cupboards,Storage unit on castors
BILLSBRO,Cabinets & cupboards,Handle
MÖLLARP,Cabinets & cupboards,Knob
KALLVIKEN,Cabinets & cupboards,Drawer front
BESTÅ,Cabinets & cupboards,TV top panel
IDÅSEN,Cabinets & cupboards,Cabinet with sliding doors
HAVSTA,Cabinets & cupboards,Storage with glass doors
HAVSTA,Cabinets & cupboards,Storage with glass doors
LIXHULT,Cabinets & cupboards,Storage combination
BILLSBRO,Cabinets & cupboards,Handle
BESTÅ,Cabinets & cupboards,TV bench with drawers
STALLARP,Cabinets & cupboards,Leg
EKET,Cabinets & cupboards,Cabinet combination
SELSVIKEN,Cabinets & cupboards,Door
HÄLLAN,Cabinets & cupboards,Storage with doors
KALLRÖR,Cabinets & cupboards,Handle
ÖSTERNÄS,Cabinets & cupboards,Leather handle
ENERYDA,Cabinets & cupboards,Knob
STUBBARP,Cabinets & cupboards,Leg
BESTÅ,Cabinets & cupboards,Push-open drawer runner
BESTÅ,Cabinets & cupboards,Drawer frame
BESTÅ,Cabinets & cupboards,TV bench
ENERYDA,Cabinets & cupboards,Cup handle
BEKANT,Cabinets & cupboards,Storage unit on legs
HAVSTA,Cabinets & cupboards,Glass-door cabinet
BILLSBRO,Cabinets & cupboards,Handle
BESTÅ,Cabinets & cupboards,Frame
GALANT,Cabinets & cupboards,Storage with drawers
LIXHULT,Cabinets & cupboards,Storage combination
IDÅSEN,Cabinets & cupboards,High cabinet with lock
HAVSTA,Cabinets & cupboards,Storage with sliding doors
LIXHULT,Cabinets & cupboards,Cabinet combination
BILLY / MORLIDEN,Cabinets & cupboards,Bookcase
SINDVIK,Cabinets & cupboards,Glass door
LAPPVIKEN,Cabinets & cupboards,Door
BESTÅ,Cabinets & cupboards,Soft-closing drawer runner
HISHULT,Cabinets & cupboards,Knob
BAGGANÄS,Cabinets & cupboards,Handle
KLACKBERG,Cabinets & cupboards,Knob
KALLVIKEN,Cabinets & cupboards,Door/drawer front
HÄLLAN,Cabinets & cupboards,Storage with doors
ENERYDA,Cabinets & cupboards,Knob
BESTÅ,Cabinets & cupboards,Top panel
BESTÅ,Cabinets & cupboards,Frame
HÄLLAN,Cabinets & cupboards,Storage with doors
HANVIKEN,Cabinets & cupboards,Door/drawer front
BESTÅ,Cabinets & cupboards,TV bench
HAVSTA,Cabinets & cupboards,Storage with doors
BEKANT,Cabinets & cupboards,Storage unit with lock
BAGGANÄS,Cabinets & cupboards,Knob
BEKANT,Cabinets & cupboards,Storage unit on legs
HÄLLAN,Cabinets & cupboards,Storage with doors
BILLY / OXBERG,Cabinets & cupboards,Bookcase with extension
BESTÅ,Cabinets & cupboards,TV bench
VASSVIKEN,Cabinets & cupboards,meuble tiroir facade
BESTÅ,Cabinets & cupboards,meuble TV rangement portes
MÖLLARP,Cabinets & cupboards,poignée meuble
BESTÅ,Cabinets & cupboards,meuble tiroir structure
BAGGANÄS,Cabinets & cupboards,bouton meuble
SINDVIK,Cabinets & cupboards,porte verre
KALLRÖR,Cabinets & cupboards,poignée longue
RIKSVIKEN,Cabinets & cupboards,porte meuble
NOTVIKEN,Cabinets & cupboards,porte/façade tiroir
LAXVIKEN,Cabinets & cupboards,porte meuble
BESTÅ,Cabinets & cupboards,banc TV portes tiroirs
MALSJÖ,Cabinets & cupboards,meuble portes verre
BESTÅ,Cabinets & cupboards,panneau supérieur
BJÄRRED,Cabinets & cupboards,poignée meuble
HÄLLAN,Cabinets & cupboards,meuble rangement portes
BESTÅ,Cabinets & cupboards,meuble TV rangement portes
LIXHULT,Cabinets & cupboards,meuble rangement
HAVSTA,Cabinets & cupboards,meuble rangement portes verre
SELSVIKEN,Cabinets & cupboards,meuble tiroir facade
BESTÅ,Cabinets & cupboards,panneau TV supérieur
BESTÅ,Cabinets & cupboards,meuble TV rangement portes
HAVSTA,Cabinets & cupboards,meuble rangement portes coulissantes
EKET,Cabinets & cupboards,meuble rangement pieds
HAVSTA,Cabinets & cupboards,meuble portes verre plinthe
BESTÅ / EKET,Cabinets & cupboards,meuble TV rangement
BESTÅ,Cabinets & cupboards,meuble TV rangement portes
HAVSTA,Cabinets & cupboards,meuble rangement portes verre
LIXHULT,Cabinets & cupboards,meuble rangement
BEKANT,Cabinets & cupboards,meuble rangement serrure
BEKANT,Cabinets & cupboards,meuble rangement serrure
BILLY / OXBERG,Cabinets & cupboards,bibliothèque
HÄLLAN,Cabinets & cupboards,meuble rangement portes
UPPLEVA,Cabinets & cupboards,support mural TV fixe
BILLSBRO,Cabinets & cupboards,poignée meuble
BILLSBRO,Cabinets & cupboards,poignée meuble
KALLVIKEN,Cabinets & cupboards,porte meuble
HACKÅS,Cabinets & cupboards,poignée longue
ORRNÄS,Cabinets & cupboards,poignée meuble
BILLSBRO,Cabinets & cupboards,poignée longue
MOSSARYD,Cabinets & cupboards,poignée barre
ORRNÄS,Cabinets & cupboards,bouton meuble
SKÄRHAMN,Cabinets & cupboards,bouton meuble
HEMNES,Cabinets & cupboards,meuble rangement portes tiroirs
IDÅSEN,Cabinets & cupboards,meuble serrure
KALLRÖR,Cabinets & cupboards,poignée longue
GALANT,Cabinets & cupboards,meuble rangement
BAGGANÄS,Cabinets & cupboards,bouton meuble
EKET,Cabinets & cupboards,porte verre
GLASSVIK,Cabinets & cupboards,porte verre
LIXHULT,Cabinets & cupboards,meuble rangement
BILLSBRO,Cabinets & cupboards,poignée longue
LIXHULT,Cabinets & cupboards,meuble rangement
BERGHALLA,Cabinets & cupboards,poignée meuble
HAVSTA,Cabinets & cupboards,meuble rangement portes verre
BILLSBRO,Cabinets & cupboards,poignée très longue
HÄLLAN,Cabinets & cupboards,paire pieds meuble
STOCKVIKEN,Cabinets & cupboards,porte meuble
BESTÅ / EKET,Cabinets & cupboards,meuble TV rangement
EKET,Cabinets & cupboards,meuble mural porte verre
EKET,Cabinets & cupboards,meuble rangement mural
IDÅSEN,Cabinets & cupboards,meuble portes tiroirs
SULARP,Cabinets & cupboards,pied meuble
VASSVIKEN,Cabinets & cupboards,porte/façade tiroir
LIXHULT,Cabinets & cupboards,meuble rangement
LIXHULT,Cabinets & cupboards,meuble rangement
HAVSTA,Cabinets & cupboards,meuble rangement portes coulissantes
HAVSTA,Cabinets & cupboards,plinthe meuble
GALANT,Cabinets & cupboards,meuble rangement tiroirs
BAGGANÄS,Cabinets & cupboards,poignée meuble
HISHULT,Cabinets & cupboards,poignée meuble
BILLSBRO,Cabinets & cupboards,poignée petite
BESTÅ,Cabinets & cupboards,pied support
HACKÅS,Cabinets & cupboards,bouton meuble
MALSJÖ,Cabinets & cupboards,meuble portes verre
HANVIKEN,Cabinets & cupboards,porte meuble
MOSSARYD,Cabinets & cupboards,poignée barre
ÖSTERNÄS,Cabinets & cupboards,poignée cuir
BESTÅ,Cabinets & cupboards,banc TV
EKET,Cabinets & cupboards,meuble mural porte verre
BESTÅ,Cabinets & cupboards,meuble TV rangement portes
BEKANT,Cabinets & cupboards,meuble rangement serrure
BEKANT,Cabinets & cupboards,meuble rangement serrure
TIMMERVIKEN,Cabinets & cupboards,meuble tiroir facade
EKET,Cabinets & cupboards,meuble mural 2 tiroirs
HAVSTA,Cabinets & cupboards,meuble rangement
VASSVIKEN,Cabinets & cupboards,porte meuble
BESTÅ,Cabinets & cupboards,meuble TV rangement portes
EKET,Cabinets & cupboards,meuble rangement mural
UPPLEVA,Cabinets & cupboards,support TV pivotant
NOTVIKEN,Cabinets & cupboards,porte meuble
BEKANT,Cabinets & cupboards,meuble rangement roulettes
BILLSBRO,Cabinets & cupboards,poignée très longue
GALANT,Cabinets & cupboards,meuble rangement
HANVIKEN,Cabinets & cupboards,meuble tiroir facade
GALANT,Cabinets & cupboards,meuble rangement portes coulissantes
NORRÅKER,Café furniture,banc
NORRÅKER,Café furniture,tabouret
NORRÅKER,Café furniture,table
STENSELE,Café furniture,table carrée
STENSELE,Café furniture,table ronde
NORRÅKER / NORRÅKER,Café furniture,table bar 2 tabourets
NORRÅKER,Café furniture,table carrée
NORRÅKER,Café furniture,table bar
JANINGE,Café furniture,tabouret bar
STENSELE,Café furniture,table bar
LEIFARNE,Café furniture,chaise accoudoirs
STENSELE / RÖNNINGE,Café furniture,table 2 chaises
JANINGE,Café furniture,chaise
NORRARYD,Café furniture,tabouret bar dossier
RÖNNINGE,Café furniture,chaise
YNGVAR,Café furniture,chaise
STENSELE / RÖNNINGE,Café furniture,table 2 chaises
JANINGE,Café furniture,chaise
NORRÅKER / NORRARYD,Café furniture,table bar 2 tabourets
JANINGE,Café furniture,tabouret bar
STENSELE / NORRARYD,Café furniture,table bar 2 tabourets
SVENBERTIL,Café furniture,chaise accoudoirs
YNGVAR,Café furniture,chaise
YNGVAR,Café furniture,tabouret bar
LEIFARNE,Café furniture,chaise accoudoirs
JANINGE,Café furniture,chaise accoudoirs
MELLTORP / ADDE,Chairs,table 2 chaises
MALINDA,Chairs,coussin chaise
BINGSTA,Chairs,fauteuil
SKRUVSTA,Chairs,chaise pivotante
LOBERGET / BLYSKÄR,Chairs,chaise pivotante
STRANDMON,Chairs,fauteuil oreilles
RENBERGET,Chairs,chaise pivotante
SNILLE,Chairs,chaise pivotante
PELLO,Chairs,fauteuil
MILLBERGET,Chairs,chaise pivotante
FANBYN,Chairs,chaise accoudoirs
FLINTAN / NOMINELL,Chairs,chaise bureau accoudoirs
EKOLSUND,Chairs,fauteuils relax
NILSOVE,Chairs,chaise accoudoirs
AGEN,Chairs,chaise
ADDE,Chairs,chaise
SKÅLBERG / SPORREN,Chairs,chaise pivotante
MARIUS,Chairs,tabouret
MOLTE,Chairs,chaise bureau
GUNDE,Chairs,chaise pliante
ÖRFJÄLL,Chairs,chaise enfant bureau
NOLMYRA,Chairs,fauteuil confortable
LÅNGFJÄLL,Chairs,chaise bureau accoudoirs
STRANDMON,Chairs,fauteuil enfant
GRÖNADAL,Chairs,fauteuil à bascule
INGOLF,Chairs,chaise
KARLJAN,Chairs,chaise
BLECKBERGET,Chairs,chaise pivotante
REMSTA,Chairs,fauteuil
STOCKSUND,Chairs,banc
INGOLF,Chairs,tabouret
FLINTAN,Chairs,chaise bureau
IKEA PS GULLHOLMEN,Chairs,fauteuil à bascule
MARKUS,Chairs,chaise bureau
BEKVÄM,Chairs,tabouret marche
MELLTORP / ADDE,Chairs,table 4 chaises
TOSSBERG,Chairs,chaise
SAKARIAS,Chairs,housse tabouret
KYRRE,Chairs,tabouret
TEODORES,Chairs,chaise
BUSKBO,Chairs,fauteuil
JOKKMOKK,Chairs,chaise
FANBYN,Chairs,chaise
NORRÅKER,Chairs,banc
LEIFARNE,Chairs,chaise pivotante
ODGER,Chairs,chaise pivotante
TOBIAS,Chairs,chaise
TULLSTA,Chairs,fauteuil
STIG,Chairs,tabouret bar dossier
ÖRFJÄLL,Chairs,chaise enfant bureau
VEDBO,Chairs,fauteuil
HARRY,Chairs,chaise
IKEA PS LÖMSK,Chairs,fauteuil pivotant
LOBERGET / SIBBEN,Chairs,chaise enfant bureau
ÖRFJÄLL,Chairs,chaise enfant bureau
POÄNG,Chairs,fauteuil enfant
JOKKMOKK,Chairs,table 4 chaises
MARIUS,Chairs,tabouret
POÄNG,Chairs,fauteuil à bascule
LEIFARNE,Chairs,chaise
MALINDA,Chairs,coussin chaise
SÖDERHAMN,Chairs,chaise longue
MACKAPÄR,Chairs,banc rangement
NILSOVE / NORNA,Chairs,chaise coussin
ALEFJÄLL,Chairs,chaise bureau
EKTORP,Chairs,fauteuil
LEIFARNE,Chairs,chaise
STEFAN,Chairs,chaise
ODGER,Chairs,chaise
GUNDE,Chairs,chaise pliante
NISSE,Chairs,chaise pliante
MALINDA,Chairs,coussin chaise
ANTILOP,Chairs,coussin support
EKERÖ,Chairs,fauteuil
HATTEFJÄLL,Chairs,chaise bureau accoudoirs
BÖRJE,Chairs,chaise
DAGOTTO,Chairs,repose-pieds
JÄRVFJÄLLET,Chairs,chaise bureau accoudoirs
KARLJAN,Chairs,chaise
RÅDVIKEN,Chairs,fauteuil
HENRIKSDAL,Chairs,chaise
GRÖNLID,Chairs,chaise longue
MARTIN,Chairs,chaise
HEMNES,Chairs,banc rangement porte-serviettes
LERHAMN,Chairs,table 2 chaises
LÅNGFJÄLL,Chairs,chaise bureau
SAKARIAS,Chairs,chaise accoudoirs
BALTSAR,Chairs,chaise
BERTIL,Chairs,coussin chaise
BINGSTA,Chairs,fauteuil haut
ULRIKSBERG,Chairs,fauteuil
FÖRSIKTIG,Chairs,tabouret enfant
JUSTINA,Chairs,coussin chaise
INGOLF,Chairs,tabouret bar dossier
SAKARIAS,Chairs,tabouret
KOARP,Chairs,fauteuil
MAMMUT,Chairs,tabouret enfant
TÄRENDÖ / ADDE,Chairs,table 4 chaises
LÅNGFJÄLL,Chairs,chaise conférence accoudoirs
NILSERIK,Chairs,support debout
BERTIL,Chairs,coussin chaise
LILLHÖJDEN,Chairs,chaise pivotante
DALFRED,Chairs,tabouret bar
MARKERAD,Chairs,chaise
SAKARIAS,Chairs,housse chaise accoudoirs
JULES,Chairs,chaise enfant bureau
POÄNG,Chairs,fauteuil enfant
SVENBERTIL,Chairs,chaise
STOCKSUND,Chairs,fauteuil
VIPPÄRT,Chairs,coussin chaise
ÖRFJÄLL,Chairs,chaise pivotante
BENARP,Chairs,fauteuil
FRANKLIN,Chairs,tabouret bar dossier pliable
MARIUS,Chairs,tabouret
HENRIKSDAL,Chairs,housse chaise
NISSE,Chairs,chaise pliante
SKOGSTORP,Chairs,banc
FJÄLLBERGET,Chairs,chaise conférence
ANTILOP,Chairs,chaise haute plateau
JUSTINA,Chairs,coussin chaise
VIMUND,Chairs,chaise enfant bureau
KULLABERG,Chairs,chaise pivotante
LIDHULT,Chairs,fauteuil
BEKVÄM,Chairs,escabeaux 3 marches
TERJE,Chairs,chaise pliante
RÖNNINGE,Chairs,chaise
LANGUR,Chairs,housse chaise haute
KULLABERG,Chairs,tabouret
LIDKULLEN,Chairs,support assis-debout
HENRIKSDAL,Chairs,Chaise
LÅNGFJÄLL,Chairs,Chaise bureau accoudoirs
MELLTORP / TEODORES,Chairs,Table 2 chaises
STUVA / FRITIDS,Chairs,Banc rangement jouets
SUNNEA,Chairs,Coussin chaise
ÖRFJÄLL,Chairs,Chaise pivotante
EKENÄS,Chairs,Fauteuil
LERHAMN,Chairs,Chaise
EKEDALEN,Chairs,Chaise
LEIFARNE,Chairs,Coquille chaise
BOLMEN,Chairs,Tabouret escabeau
POÄNG,Chairs,Fauteuil à bascule
BUSKBO,Chairs,Fauteuil
MELLTORP / TEODORES,Chairs,Table 4 chaises
BUSSAN,Chairs,Pouf intérieur/extérieur
POÄNG,Chairs,Fauteuil
LEIFARNE,Chairs,Chaise
HAVSTEN,Chairs,Fauteuil intérieur/extérieur
SÖDERHAMN,Chairs,Fauteuil
VEDBO,Chairs,Fauteuil haut dossier
MELLTORP / NILSOVE,Chairs,Table 2 chaises
LEIFARNE,Chairs,Coquille chaise
MALINDA,Chairs,Coussin chaise
HEMNES,Chairs,Banc rangement chaussures
BEKVÄM,Chairs,Tabouret escabeau
VIPPÄRT,Chairs,Coussin chaise
SUNNEA,Chairs,Coussin chaise
ÖRFJÄLL,Chairs,Chaise pivotante
ÖRFJÄLL,Chairs,Chaise pivotante
HENRIKSDAL,Chairs,Structure chaise
SVENARNE,Chairs,Chaise accoudoirs
SAKARIAS,Chairs,Structure tabouret
JÄRVFJÄLLET,Chairs,Chaise bureau
POÄNG,Chairs,Coussin fauteuil enfant
LÅNGFJÄLL,Chairs,Chaise bureau
FANBYN,Chairs,Structure chaise
INGATORP / INGOLF,Chairs,Table 4 chaises
VILTO,Chairs,Tabouret escabeau
UTTER,Chairs,Tabouret enfant
MELLTORP / MARIUS,Chairs,Table 2 tabourets
SAKARIAS,Chairs,Housse chaise accoudoirs
ANTILOP,Chairs,Plateau chaise haute
DJUPVIK,Chairs,Coussin
HILLARED,Chairs,Coussin chaise
FRANKLIN,Chairs,Tabouret bar pliable
ODDBJÖRG,Chairs,Coussin chaise
LÅNGFJÄLL,Chairs,Chaise conférence accoudoirs
SVENBERTIL,Chairs,Chaise
LEIFARNE,Chairs,Coquille chaise
NORRARYD,Chairs,Chaise
EKEDALEN,Chairs,Tabouret bar dossier
DELAKTIG,Chairs,Plateforme fauteuil
MÖRBYLÅNGA / ODGER,Chairs,Table 4 chaises
KARLHUGO,Chairs,Chaise
VALLENTUNA,Chairs,Module canapé-lit
JUSTINA,Chairs,Coussin chaise
ELSEBET,Chairs,Coussin chaise
HERDIS,Chairs,Coussin chaise
KULLABERG,Chairs,Chaise pivotante
HENRIKSDAL,Chairs,Housse tabouret bar
HATTEFJÄLL,Chairs,Chaise bureau accoudoirs
NORDKISA,Chairs,Banc
GRÖNLID,Chairs,Fauteuil
LÅNGFJÄLL,Chairs,Chaise conférence
VALLENTUNA,Chairs,Module assise dossier
LÅNGFJÄLL,Chairs,Chaise conférence
LEIFARNE,Chairs,Chaise accoudoirs
MAMMUT,Chairs,Tabouret enfant
ANTILOP,Chairs,Housse
NORDMELA,Chairs,Commode 4 tiroirs
CILLA,Chairs,Coussin chaise
BÖRJE,Chairs,Chaise
GISTAD,Chairs,Fauteuil relax
POÄNG,Chairs,Fauteuil
LÅNGFJÄLL,Chairs,Paire accoudoirs
EKEDALEN,Chairs,Chaise
MÖRBYLÅNGA / BALTSAR,Chairs,Table 6 chaises
LANDSKRONA,Chairs,Fauteuil
DELAKTIG,Chairs,Fauteuil
LANDSKRONA,Chairs,Chaise longue additionnelle
NORDVIKEN,Chairs,Chaise
NORRÅKER,Chairs,Tabouret bar dossier
FANBYN,Chairs,Coquille chaise accoudoirs
MARTIN,Chairs,Structure chaise
KORNSJÖ,Chairs,Banc rangement
LERHAMN,Chairs,Table 4 chaises
MELLTORP / TEODORES,Chairs,Table 4 chaises
BEKVÄM,Chairs,Tabouret escabeau
STRÅFLY,Chairs,Coussin chaise
TRANARÖ,Chairs,Tabouret/table d'appoint
MELLTORP / NISSE,Chairs,Table 2 chaises pliantes
FRANKLIN,Chairs,Tabouret bar pliable
GAMLARED / STEFAN,Chairs,Table 2 chaises
AGAM,Chairs,Chaise enfant
MUREN,Chairs,Fauteuil relax
LEIFARNE,Chairs,Chaise
HENRIKSDAL,Chairs,Chaise
HENRIKSDAL,Chairs,Tabouret bar dossier
LISABO / LEIFARNE,Chairs,Table 4 chaises
NORRARYD,Chairs,Chaise
GAMLEBY,Chairs,Table 4 chaises
EKEDALEN / HENRIKSDAL,Chairs,Table 6 chaises
IKEA PS 2012 / JANINGE,Chairs,Table 4 chaises
MÖCKELBY / FANBYN,Chairs,Table 6 chaises
VIMLE,Chairs,Chaise longue
MÖRBYLÅNGA / BALTSAR,Chairs,Table 4 chaises
BORTBERG,Chairs,Coussin lombaire
ANTILOP,Chairs,Chaise haute ceinture
TÄRENDÖ / GUNDE,Chairs,Table 4 chaises
JUSTINA,Chairs,Coussin chaise
AGAM,Chairs,Chaise enfant
JANINGE,Chairs,Chaise
NORNA,Chairs,Coussin chaise
LERHAMN,Chairs,Chaise
FREKVENS,Chairs,Tabouret bar dossier
INGOLF,Chairs,Tabouret bar dossier
EKEDALEN / EKEDALEN,Chairs,Table 6 chaises
GAMLARED / LERHAMN,Chairs,Table 2 chaises
HAVSTEN,Chairs,Fauteuil intérieur/extérieur
IKEA PS 2012 / TEODORES,Chairs,Table 2 chaises
RÅSKOG,Chairs,Tabouret
HENRIKSDAL,Chairs,Housse chaise
EKEDALEN / EKEDALEN,Chairs,Table 4 chaises
RÅSKOG,Chairs,Tabouret
BRORINGE,Chairs,Sous-structure
NOMINELL,Chairs,Paire accoudoirs
YNGVAR,Chairs,Tabouret bar
YPPERLIG / NILSOVE,Chairs,Table 4 chaises
LISABO / ODGER,Chairs,Table 4 chaises
LANGUR,Chairs,Coquille chaise haute
LEIFARNE,Chairs,Chaise accoudoirs
EKEDALEN / BERNHARD,Chairs,Table 6 chaises
INGATORP / INGOLF,Chairs,Table 6 chaises
EKEDALEN,Chairs,Banc
SAKARIAS,Chairs,Housse chaise accoudoirs
ÖVRARYD / JANINGE,Chairs,Table 4 chaises
KOLON,Chairs,Protection sol
ANTILOP,Chairs,Housse
FRANKLIN,Chairs,Tabouret bar pliable
FLISAT,Chairs,Tabouret enfant
LANGUR,Chairs,Plateau chaise haute
VEDBO,Chairs,Chaise accoudoirs
INGATORP,Chairs,Chaise accoudoirs
LANGUR,Chairs,Chaise haute enfant plateau
INGOLF,Chairs,Chaise enfant
MÄSTERBY,Chairs,Tabouret escabeau
VATTVIKEN,Chairs,Fauteuil-lit
JANINGE,Chairs,Tabouret bar
HATTEFJÄLL,Chairs,Chaise bureau
VEBERÖD,Chairs,Banc
LANEBERG / EKEDALEN,Chairs,Table 4 chaises
EKEDALEN / EKEDALEN,Chairs,Table 6 chaises
STOLJAN,Chairs,Chaise conférence
NORDEN / RÅSKOG,Chairs,Table 2 tabourets
EKEDALEN / EKEDALEN,Chairs,Table bar 4 tabourets
LANGUR,Chairs,Housse assise enfant
HATTEFJÄLL,Chairs,Chaise bureau
SKOGSTA / NORRARYD,Chairs,Table 6 chaises
INGATORP / INGOLF,Chairs,Table 4 chaises
HENRIKSDAL,Chairs,Housse chaise
JÄRVFJÄLLET,Chairs,Paire accoudoirs
SVENBERTIL,Chairs,Chaise pivotante
EKERÖ,Chairs,Fauteuil
TROLLBERGET,Chairs,Support assis/debout
POÄNG,Chairs,Fauteuil à bascule
LIDHULT,Chairs,Chaise longue
SVENBERTIL,Chairs,Coquille chaise
INGATORP / HENRIKSDAL,Chairs,Table 4 chaises
HENRIKSDAL,Chairs,Chaise longue housse
MÖRBYLÅNGA / VOLFGANG,Chairs,Table 6 chaises
LISABO / SVENBERTIL,Chairs,Table 4 chaises
LANDSKRONA,Chairs,Fauteuil
MELLTORP / JANINGE,Chairs,Table 4 chaises
POÄNG,Chairs,Fauteuil à bascule
BRORINGE,Chairs,Sous-structure
HEMNES,Chairs,Banc
MÖRBYLÅNGA / BERNHARD,Chairs,Table 6 chaises
TORSBY / BERNHARD,Chairs,Table 4 chaises
LISABO / ODGER,Chairs,Table 4 chaises
RYDEBÄCK/BACKARYD / JANINGE,Chairs,Table 4 chaises
LIDHULT,Chairs,Chaise longue
KIVIK,Chairs,Chaise longue
YNGVAR,Chairs,Chaise
TORSBY / VOLFGANG,Chairs,Table 4 chaises
NORDVIKEN,Chairs,Tabouret bar dossier
NORDVIKEN / RÖNNINGE,Chairs,Table 4 chaises
FUSION,Chairs,Table 4 chaises
LERHAMN,Chairs,Table 4 chaises
BEKVÄM,Chairs,Escabeau 3 marches
MELLTORP / NISSE,Chairs,Table 2 chaises pliantes
EKEDALEN / EKEDALEN,Chairs,Table 4 chaises
NORBERG / NISSE,Chairs,Table 1 chaise
TROGEN,Chairs,Tabouret enfant
FLISAT,Chairs,Banc enfant
RÅSKOG,Chairs,Tabouret bar
NISSE,Chairs,Chaise pliante
MELLTORP / TEODORES,Chairs,Table 4 chaises
HILLARED,Chairs,Coussin chaise
LERHAMN,Chairs,Table 2 chaises
EKEDALEN / EKEDALEN,Chairs,Table 4 chaises
HENRIKSDAL,Chairs,Housse chaise
EKEDALEN,Chairs,Tabouret bar dossier
EKEDALEN,Chairs,Chaise
MELLTORP / MARIUS,Chairs,Table 4 tabourets
STUVA / FÖLJA,Chairs,Banc rangement
POÄNG,Chairs,Structure fauteuil enfant
NORRÅKER,Chairs,Tabouret
GAMLEBY,Chairs,Chaise
INGATORP / INGOLF,Chairs,Table 6 chaises
NORSBORG,Chairs,Chaise longue
HENRIKSDAL,Chairs,Structure tabouret bar
EKEDALEN / EKEDALEN,Chairs,Table 2 chaises banc
HENRIKSDAL,Chairs,Housse chaise longue
EKEDALEN,Chairs,Tabouret bar dossier
GLENN,Chairs,Tabouret bar
TINGBY / LEIFARNE,Chairs,Table 6 chaises
LISABO / RÖNNINGE,Chairs,Table 4 chaises
FÄRLÖV,Chairs,Fauteuil
TORSBY / LEIFARNE,Chairs,Table 4 chaises
NORRÅKER / NORRÅKER,Chairs,Table bar 2 tabourets
MÖRBYLÅNGA / TOSSBERG,Chairs,Table 6 fauteuils
EKEDALEN / TOBIAS,Chairs,Table 6 chaises
NORRÅKER / NORRARYD,Chairs,Table bar 2 tabourets
LANEBERG / KARLJAN,Chairs,Table 4 chaises
BERNHARD,Chairs,Chaise
VEDBO,Chairs,Chaise
GRÖNLID,Chairs,Fauteuil
MÖRBYLÅNGA / BERNHARD,Chairs,Table 4 chaises
INGATORP / INGOLF,Chairs,Table 6 chaises
DELAKTIG,Chairs,Chaise longue accoudoir
HATTEFJÄLL,Chairs,Paire accoudoirs
KIVIK,Chairs,Chaise longue
BRORINGE,Chairs,Sous-structure
GRUVBYN,Chairs,Chaise
MÖRBYLÅNGA / LEIFARNE,Chairs,Table 6 chaises
SVENBERTIL,Chairs,Chaise accoudoirs
INGATORP / INGATORP,Chairs,Table 4 chaises
MÖRBYLÅNGA / LEIFARNE,Chairs,Table 4 chaises
VANGSTA / TEODORES,Chairs,Table 4 chaises
BERNHARD,Chairs,Chaise
MÖRBYLÅNGA / BERNHARD,Chairs,Table 6 chaises
SVENBERTIL,Chairs,Coquille chaise
NORRÅKER / RÖNNINGE,Chairs,Table 2 chaises
NORDVIKEN / NORDVIKEN,Chairs,Table 4 chaises
BLÅMES,Chairs,Chaise haute plateau
MÖRBYLÅNGA / BERNHARD,Chairs,Table 4 chaises
TINGBY / LEIFARNE,Chairs,Table 6 chaises
INGATORP / INGOLF,Chairs,Table 4 chaises
EKEDALEN / HENRIKSDAL,Chairs,Table 4 chaises
EKEDALEN / BERNHARD,Chairs,Table 6 chaises
EKEDALEN / HENRIKSDAL,Chairs,Table 6 chairs set
TOBIAS,Chairs,Chair
NORRÅKER / RÖNNINGE,Chairs,Table 4 chairs set
VOLFGANG,Chairs,Stool
NORDVIKEN / NORDVIKEN,Chairs,Table 6 chairs set
JANINGE,Chairs,Chair armrests
VÄSTANBY/VÄSTANÅ / BERNHARD,Chairs,Table 4 chairs set
MÖRBYLÅNGA / BERNHARD,Chairs,Table 4 chairs set
GRUVBYN,Chairs,Chair
VOLFGANG,Chairs,Chair
LANEBERG / KARLJAN,Chairs,Table 4 chairs set
MELLTORP / ADDE,Chairs,Table 4 chairs set
EKEDALEN / EKEDALEN,Chairs,Table 6 chairs set
VANGSTA / TEODORES,Chairs,Table 4 chairs set
URBAN,Chairs,Kids chair
NORRARYD,Chairs,Bar stool backrest
INGATORP / INGOLF,Chairs,Table 6 chairs set
VOLFGANG,Chairs,Chair
LANGUR,Chairs,Highchair
JANINGE,Chairs,Bar stool
NORRÅKER / NORRARYD,Chairs,Table 4 chairs set
MELLTORP / JANINGE,Chairs,Table 4 chairs set
JANINGE,Chairs,Chair
BERNHARD,Chairs,Bar stool backrest
LANGUR,Chairs,Kids chair
NORRNÄS,Chairs,Chair
NORRÅKER / NORRARYD,Chairs,Table 2 chairs set
INGOLF,Chairs,Kids chair
MELLTORP / TEODORES,Chairs,Table 2 chairs set
YNGVAR,Chairs,Chair
YPPERLIG,Chairs,Kids bench
BERNHARD,Chairs,Chair
FJÄLLBERGET,Chairs,Conference chair
EKEDALEN / HENRIKSDAL,Chairs,Table 6 chairs set
NORRÅKER / NORRÅKER,Chairs,Bar table 2 stools
EKEDALEN / EKEDALEN,Chairs,Bar table 4 stools
MÄSTERBY,Chairs,Step stool
INGATORP / INGOLF,Chairs,Table 4 chairs set
EKEDALEN / ODGER,Chairs,Table 4 chairs set
NORRÅKER / RÖNNINGE,Chairs,Table 2 chairs set
BALSBERGET,Chairs,Swivel chair frame
LANEBERG / KARLJAN,Chairs,Table 4 chairs set
ERNFRID,Chairs,Chair underframe
INGATORP / INGATORP,Chairs,Table 4 chairs set
HENRIKSDAL,Chairs,Chair
INGATORP / INGATORP,Chairs,Table 4 chairs set
VÄSTANBY/VÄSTANÅ / BERNHARD,Chairs,Table 4 chairs set
SLÄHULT/DALSHULT / LEIFARNE,Chairs,Table 4 chairs set
INGATORP / SAKARIAS,Chairs,Table 4 chairs set
NORRÅKER / NORRARYD,Chairs,Table 2 chairs set
NORRÅKER / NORRÅKER,Chairs,Bar table 2 stools
POÄNG,Chairs,Armchair
MÖRBYLÅNGA / VOLFGANG,Chairs,Table 6 chairs set
EKEDALEN / EKEDALEN,Chairs,Table 2 chairs set
MÖRBYLÅNGA / ODGER,Chairs,Table 6 chairs set
NORRÅKER / NORRARYD,Chairs,Table 4 chairs set
NORDVIKEN / NORDVIKEN,Chairs,Table 6 chairs set
RÅSKOG,Chairs,Bar stool
HENRIKSDAL,Chairs,Bar stool backrest
GRÖNLID,Chairs,Chaise longue
LISABO / RÖNNINGE,Chairs,Table 4 chairs set
NORDVIKEN / HENRIKSDAL,Chairs,Table 4 chairs set
NORDVIKEN / LEIFARNE,Chairs,Table 4 chairs set
VEDBO / VEDBO,Chairs,Table 6 chairs set
LISABO / JANINGE,Chairs,Table 4 chairs set
EKEDALEN / LEIFARNE,Chairs,Table 4 chairs set
EKEDALEN / ODGER,Chairs,Table 6 chairs set
EKEDALEN / HENRIKSDAL,Chairs,Table 6 chairs set
LISABO / SVENBERTIL,Chairs,Table 4 chairs set
TINGBY / NILSOVE,Chairs,Table 4 chairs set
NORDVIKEN / LEIFARNE,Chairs,Table 6 chairs set
DIETMAR,Chairs,Chair armrests underframe
MÖCKELBY / NORRARYD,Chairs,Table 6 chairs set
MÖCKELBY / HENRIKSDAL,Chairs,Table 6 chairs set
MÖRBYLÅNGA / ODGER,Chairs,Table 6 chairs set
NORDVIKEN / NORDVIKEN,Chairs,Table 4 chairs set
POÄNG,Chairs,Armchair
VÄSTANBY/VÄSTANÅ / LEIFARNE,Chairs,Table 4 chairs set
RYDEBÄCK/BACKARYD / JANINGE,Chairs,Table 4 chairs set
EKEDALEN / ODGER,Chairs,Table 2 chairs set
EKEDALEN / HENRIKSDAL,Chairs,Table 6 chairs set
EKEDALEN / ODGER,Chairs,Table 4 chairs set
EKEDALEN / ODGER,Chairs,Table 4 chairs set
MÖRBYLÅNGA / VOLFGANG,Chairs,Table 4 chairs set
MÖCKELBY / HENRIKSDAL,Chairs,Table 6 chairs set
EKEDALEN / EKEDALEN,Chairs,Bar table 4 stools
NORDVIKEN / NORRARYD,Chairs,Table 4 chairs set
DIETMAR,Chairs,Chair armrests underframe
EKEDALEN / ODGER,Chairs,Table 6 chairs set
MÖCKELBY / ODGER,Chairs,Table 6 chairs set
INGATORP / INGATORP,Chairs,Table 4 chairs set
MÖRBYLÅNGA / VOLFGANG,Chairs,Table 4 chairs set
EKEDALEN / BERNHARD,Chairs,Table 4 chairs set
NORRÅKER / RÖNNINGE,Chairs,Table 4 chairs set
NORDVIKEN / LEIFARNE,Chairs,Table 6 chairs set
FANBYN,Chairs,Seat shell
NORDVIKEN / RÖNNINGE,Chairs,Table 4 chairs set
NORDVIKEN / NORRARYD,Chairs,Table 4 chairs set
EKEDALEN / BERNHARD,Chairs,Table 6 chairs set
MÖRBYLÅNGA / ODGER,Chairs,Table 4 chairs set
LANEBERG / SVENBERTIL,Chairs,Table 4 chairs set
NORDVIKEN / LEIFARNE,Chairs,Table 4 chairs set
JONAXEL,Chests of drawers & drawer units,Frame mesh baskets
BRYGGJA,Chests of drawers & drawer units,9 drawer chest
HELMER,Chests of drawers & drawer units,Drawer unit castors
PLATSA,Chests of drawers & drawer units,2 drawer chest
LENNART,Chests of drawers & drawer units,Drawer unit
MALM,Chests of drawers & drawer units,6 drawer chest
RAST,Chests of drawers & drawer units,3 drawer chest
SONGESAND,Chests of drawers & drawer units,6 drawer chest
MALM,Chests of drawers & drawer units,3 drawer chest
KOPPANG,Chests of drawers & drawer units,3 drawer chest
HEMNES,Chests of drawers & drawer units,8 drawer chest
MALM,Chests of drawers & drawer units,2 drawer chest
KULLEN,Chests of drawers & drawer units,2 drawer chest
MALM,Chests of drawers & drawer units,6 drawer chest
BRIMNES,Chests of drawers & drawer units,3 drawer chest
ASKVOLL,Chests of drawers & drawer units,3 drawer chest
ALEX,Chests of drawers & drawer units,9 drawer unit
NIKKEBY,Chests of drawers & drawer units,4 drawer chest
BRIMNES,Chests of drawers & drawer units,4 drawer chest
KULLEN,Chests of drawers & drawer units,3 drawer chest
LOTE,Chests of drawers & drawer units,3 drawer chest
HEMNES,Chests of drawers & drawer units,3 drawer chest
MALM,Chests of drawers & drawer units,4 drawer chest
KULLEN,Chests of drawers & drawer units,5 drawer chest
HEMNES,Chests of drawers & drawer units,2 drawer chest
MALM,Chests of drawers & drawer units,6 drawer chest
ASKVOLL,Chests of drawers & drawer units,5 drawer chest
JONAXEL,Chests of drawers & drawer units,Frame wire baskets
JONAXEL,Chests of drawers & drawer units,Frame wire baskets
ALEX,Chests of drawers & drawer units,Drawer unit
HEMNES,Chests of drawers & drawer units,6 drawer chest
NIKKEBY,Chests of drawers & drawer units,2 drawer chest
ASKVOLL,Chests of drawers & drawer units,2 drawer chest
TYSSEDAL,Chests of drawers & drawer units,4 drawer chest
NORDMELA,Chests of drawers & drawer units,Chest drawers clothes rail
ROTHULT,Chests of drawers & drawer units,Smart lock
TYSSEDAL,Chests of drawers & drawer units,6 drawer chest
BJÖRKSNÄS,Chests of drawers & drawer units,5 drawer chest
MALM,Chests of drawers & drawer units,Glass top
SONGESAND,Chests of drawers & drawer units,3 drawer chest
VISTHUS,Chests of drawers & drawer units,8 drawer chest
KLIMPEN,Chests of drawers & drawer units,Add-on unit
MICKE,Chests of drawers & drawer units,Drawer unit castors
JONAXEL,Chests of drawers & drawer units,Frame wire baskets
JONAXEL,Chests of drawers & drawer units,Frame mesh baskets
NORDMELA,Chests of drawers & drawer units,4 drawer chest
TRYSIL,Chests of drawers & drawer units,4 drawer chest
NORDLI,Chests of drawers & drawer units,9 drawer chest
HEMNES,Chests of drawers & drawer units,Glass top
SUMMERA,Chests of drawers & drawer units,Drop file
VISTHUS,Chests of drawers & drawer units,6 drawer chest
PLATSA,Chests of drawers & drawer units,3 drawer chest
NORDLI,Chests of drawers & drawer units,12 drawer chest
BUSUNGE,Chests of drawers & drawer units,2 drawer chest
SONGESAND,Chests of drawers & drawer units,6 drawer chest
BEKANT,Chests of drawers & drawer units,Storage unit legs
STUVA / FRITIDS,Chests of drawers & drawer units,Bookcase drawers
GODISHUS,Chests of drawers & drawer units,3 drawer chest
NORDLI,Chests of drawers & drawer units,6 drawer chest
PLATSA,Chests of drawers & drawer units,3 drawer chest
IDÅSEN,Chests of drawers & drawer units,Drawer unit smart lock
PLATSA,Chests of drawers & drawer units,2 drawer chest
MICKE,Chests of drawers & drawer units,Drawer unit drop file
JONAXEL,Chests of drawers & drawer units,Frame wire baskets
NORDLI,Chests of drawers & drawer units,4 drawer chest
ALEX,Chests of drawers & drawer units,Drawer unit castors
JONAXEL,Chests of drawers & drawer units,Frame wire baskets
STUVA / FRITIDS,Chests of drawers & drawer units,6 drawer chest
NORDLI,Chests of drawers & drawer units,3 drawer chest
NORDLI,Chests of drawers & drawer units,Modular chest drawers
JONAXEL,Chests of drawers & drawer units,Frame mesh baskets castors
BUSUNGE,Chests of drawers & drawer units,2 drawer chest
TYSSEDAL,Chests of drawers & drawer units,4 drawer chest
NORDLI,Chests of drawers & drawer units,12 drawer chest
STUVA / FRITIDS,Chests of drawers & drawer units,3 drawer chest
SONGESAND,Chests of drawers & drawer units,4 drawer chest
NORDLI,Chests of drawers & drawer units,6 drawer chest
NORDLI,Chests of drawers & drawer units,2 drawer chest
NORDLI,Chests of drawers & drawer units,3 drawer chest
NORDLI,Chests of drawers & drawer units,2 drawer chest
NORDLI,Chests of drawers & drawer units,Modular chest 2 drawers
PLATSA,Chests of drawers & drawer units,2 drawer chest
ERIK,Chests of drawers & drawer units,Drawer unit 3 drawers
JONAXEL,Chests of drawers & drawer units,Frame mesh baskets castors
JONAXEL,Chests of drawers & drawer units,Frame mesh baskets
NORDLI,Chests of drawers & drawer units,6 drawer chest
NORDLI,Chests of drawers & drawer units,8 drawer chest
NORDLI,Chests of drawers & drawer units,5 drawer chest
NORDLI,Chests of drawers & drawer units,4 drawer chest
NORDLI,Chests of drawers & drawer units,8 drawer chest
GALANT,Chests of drawers & drawer units,Drawer unit castors
NORDLI,Chests of drawers & drawer units,12 drawer chest
KLIMPEN,Chests of drawers & drawer units,Drawer unit
NORDLI,Chests of drawers & drawer units,Modular chest 2 drawers
NORDLI,Chests of drawers & drawer units,Chest drawers
JONAXEL,Chests of drawers & drawer units,Frame wire baskets castors
GALANT,Chests of drawers & drawer units,Drawer unit
NORDLI,Chests of drawers & drawer units,10 drawer chest
ERIK,Chests of drawers & drawer units,Drawer unit 2 drawers
NORDLI,Chests of drawers & drawer units,Modular chest 3 drawers
STUVA / FRITIDS,Chests of drawers & drawer units,Toy storage wheels
NORDLI,Chests of drawers & drawer units,8 drawer chest
NORDLI,Chests of drawers & drawer units,3 drawer chest
NORDLI,Chests of drawers & drawer units,Top plinth
IDÅSEN,Chests of drawers & drawer units,Drawer unit castors
NORDLI,Chests of drawers & drawer units,5 drawer chest
NORDLI,Chests of drawers & drawer units,Modular chest 2 drawers
BEKANT,Chests of drawers & drawer units,Storage unit smart lock
BEKANT,Chests of drawers & drawer units,Storage unit smart lock
BEKANT,Chests of drawers & drawer units,Storage unit castors
NORDLI,Chests of drawers & drawer units,Modular chest 3 drawers
NORDLI,Chests of drawers & drawer units,7 drawer chest
NORDLI,Chests of drawers & drawer units,6 drawer chest
NORDLI,Chests of drawers & drawer units,6 drawer chest
NORDLI,Chests of drawers & drawer units,Top plinth
NORDLI,Chests of drawers & drawer units,7 drawer chest
NORDLI,Chests of drawers & drawer units,9 drawer chest
NORDLI,Chests of drawers & drawer units,Modular chest 3 drawers
NORDLI,Chests of drawers & drawer units,6 drawer chest
NORDLI,Chests of drawers & drawer units,2 drawer chest
NORDLI,Chests of drawers & drawer units,Modular chest 2 drawers
NORDLI,Chests of drawers & drawer units,6 drawer chest
NORDLI,Chests of drawers & drawer units,8 drawer chest
NORDLI,Chests of drawers & drawer units,7 drawer chest
NORDLI,Chests of drawers & drawer units,8 drawer chest
SMÅGÖRA,Children's furniture,Wardrobe
POÄNG,Children's furniture,Kids armchair
TROFAST,Children's furniture,Storage combination
LOBERGET / SIBBEN,Children's furniture,Kids desk chair
LÄTT,Children's furniture,Kids table 2 chairs
MAMMUT,Children's furniture,Kids table
MAMMUT,Children's furniture,Kids chair
MAMMUT,Children's furniture,Kids chair
MAMMUT,Children's furniture,Kids table
CIRKUSTÄLT,Children's furniture,Kids tent
UTTER,Children's furniture,Kids table
MAMMUT,Children's furniture,Kids chair
MAMMUT,Children's furniture,Kids stool
TROFAST,Children's furniture,Storage combination
MAMMUT,Children's furniture,Kids chair
FÖRSIKTIG,Children's furniture,Kids stool
MAMMUT,Children's furniture,Kids table
STRANDMON,Children's furniture,Kids armchair
MICKE,Children's furniture,Desk
SUNDVIK,Children's furniture,Rocking chair
FLISAT,Children's furniture,Kids table
PÅHL,Children's furniture,Desk top shelf
ÖRFJÄLL,Children's furniture,Kids desk chair
MICKE,Children's furniture,Kids Desk
TROFAST,Children's furniture,Wall Mounted Storage
POÄNG,Children's furniture,Kids Armchair
MAMMUT,Children's furniture,Kids Stool
IKEA PS LÖMSK,Children's furniture,Swivel Armchair
SLÄKT,Children's furniture,Foldable Pouffe
TROFAST,Children's furniture,Storage Combination
SUNDVIK,Children's furniture,Kids Table
TROFAST,Children's furniture,Storage Combination
BUSA,Children's furniture,Kids Play Tent
MICKE,Children's furniture,Kids Desk
STUVA / FRITIDS,Children's furniture,Wardrobe
STUVA / FRITIDS,Children's furniture,Bench with Toy Storage
TROFAST,Children's furniture,Storage Combination
FLISAT,Children's furniture,Kids Bench
SUNDVIK,Children's furniture,Kids Chair
RESÖ,Children's furniture,Kids Picnic Table
TROFAST,Children's furniture,Wall Mounted Storage
GODISHUS,Children's furniture,3 Drawer Chest
TROFAST,Children's furniture,Storage Frame
STUVA / FRITIDS,Children's furniture,Wardrobe
GODISHUS,Children's furniture,Wardrobe
ÖRFJÄLL,Children's furniture,Kids Desk Chair
TROGEN,Children's furniture,Kids Step Stool
TROFAST,Children's furniture,Wall Mounted Storage
BUSSAN,Children's furniture,Indoor Outdoor Beanbag
FLISAT,Children's furniture,Kids Stool
BUSUNGE,Children's furniture,2 Drawer Chest
PÅHL,Children's furniture,Add On Unit
BOLMEN,Children's furniture,Step Stool
BUSA,Children's furniture,Play Tunnel
TROFAST,Children's furniture,Storage Combination
TROFAST,Children's furniture,Storage Combination
AGAM,Children's furniture,Junior Chair
SUNDVIK,Children's furniture,Kids Table
PÅHL,Children's furniture,Desk with Add On
TROFAST,Children's furniture,Storage Combination
SUNDVIK,Children's furniture,Wardrobe
TROFAST,Children's furniture,Storage Box
FLISAT,Children's furniture,Kids Desk
LANGUR,Children's furniture,Highchair
TROFAST,Children's furniture,Shelf
BUSUNGE,Children's furniture,Wardrobe
VIMUND,Children's furniture,Kids Desk Chair
SUNDVIK,Children's furniture,Kids Chair
BUSUNGE,Children's furniture,Wardrobe
TROFAST,Children's furniture,Storage Combination
STUVA / FRITIDS,Children's furniture,Wardrobe
TROFAST,Children's furniture,Storage Box
TROFAST,Children's furniture,Storage Box
LANGUR,Children's furniture,Highchair Padded Cover
UTTER,Children's furniture,Kids Stool
YPPERLIG,Children's furniture,Kids Table with Benches
ÖRFJÄLL,Children's furniture,Kids Desk Chair
STUVA / FRITIDS,Children's furniture,Wardrobe with Bench
PÅHL,Children's furniture,Desk with Shelf Unit
BUSUNGE,Children's furniture,2 Drawer Chest
TROFAST,Children's furniture,Storage Box
TROFAST,Children's furniture,Storage Box
STUVA / FRITIDS,Children's furniture,Toy Storage with Wheels
SUNDVIK,Children's furniture,Wardrobe
TROFAST,Children's furniture,Shelf
TROFAST,Children's furniture,Storage Frame
STUVA / FRITIDS,Children's furniture,3 Drawer Chest
PÅHL,Children's furniture,Kids Desk
PÅHL,Children's furniture,Kids Desk
JULES,Children's furniture,Kids Desk Chair
TROFAST,Children's furniture,Storage Frame
STUVA,Children's furniture,Bench
BUNSÖ,Children's furniture,Kids Outdoor Chair
STUVA / FRITIDS,Children's furniture,Wardrobe
STUVA / FRITIDS,Children's furniture,Bookcase with Drawers
LANGUR,Children's furniture,Highchair with Tray
TROFAST,Children's furniture,Storage Frame
TROFAST,Children's furniture,Storage Combination
POÄNG,Children's furniture,Kids Armchair Cushion
TROFAST,Children's furniture,Wall Mounted Storage
TROFAST,Children's furniture,Storage Combination
POÄNG,Children's furniture,Kids Armchair Frame
PÅHL,Children's furniture,Desk with Shelf Unit
PÅHL,Children's furniture,Desk with Add On
TROFAST,Children's furniture,Storage Box
SLÄKT,Children's furniture,Storage Box with Castors
INGOLF,Children's furniture,Junior Chair
TROFAST,Children's furniture,Lid
TROFAST,Children's furniture,Storage Frame
TROFAST,Children's furniture,Storage Frame
AGAM,Children's furniture,Junior Chair
TROFAST,Children's furniture,Storage Combination
TROFAST,Children's furniture,Storage Box
TROFAST,Children's furniture,Storage Combination
INGOLF,Children's furniture,Junior Chair
TROFAST,Children's furniture,Storage Combination
YPPERLIG,Children's furniture,Kids Bench
STUVA / FRITIDS,Children's furniture,6 Drawer Chest
URBAN,Children's furniture,Junior Chair
TROFAST,Children's furniture,Storage Frame
LANGUR,Children's furniture,Junior Chair
TROFAST,Children's furniture,Storage Box
TROFAST,Children's furniture,Storage Box
YPPERLIG,Children's furniture,Kids Table
SMÅGÖRA,Nursery furniture,Cot
SMÅGÖRA,Nursery furniture,Wardrobe
SMÅGÖRA,Nursery furniture,Changing Table Bookshelf
SMÅGÖRA,Nursery furniture,Changing Table Bookshelf
SMÅGÖRA,Nursery furniture,Changing Table Bookshelf
SNIGLAR,Nursery furniture,Cot
ANTILOP,Nursery furniture,Highchair with Tray
VÄDRA,Nursery furniture,Baby Mat
SOLGUL,Nursery furniture,Cradle with Mattress
SUNDVIK,Nursery furniture,Cot
GODISHUS,Nursery furniture,Wardrobe
VÄDRA,Nursery furniture,Baby Mat Cover
ÖNSKLIG,Nursery furniture,Changing Table Baskets
ANTILOP,Nursery furniture,Supporting Cushion
SNIGLAR,Nursery furniture,Changing Table
TROFAST,Nursery furniture,Storage Combination
STUVA / FRITIDS,Nursery furniture,Cot with Drawers
GULLIVER,Nursery furniture,Cot
ANTILOP,Nursery furniture,Highchair with Belt
LEN,Nursery furniture,Nursing Pillow
STUVA / FRITIDS,Nursery furniture,Changing Table with Drawers
SUNDVIK,Nursery furniture,Wardrobe
STUVA / FRITIDS,Nursery furniture,Wardrobe
GONATT,Nursery furniture,Cot
LANGUR,Nursery furniture,Highchair Padded Cover
BUSUNGE,Nursery furniture,Wardrobe
SUNDVIK,Nursery furniture,Cot
GULLIVER,Nursery furniture,Changing Table
STUVA / FRITIDS,Nursery furniture,Wardrobe
GODISHUS,Nursery furniture,3 Drawer Chest
STUVA / FRITIDS,Nursery furniture,Wardrobe
SKÖTSAM,Nursery furniture,Cover
TROFAST,Nursery furniture,Wall Mounted Storage
SUNDVIK,Nursery furniture,Changing Table Chest
ANTILOP,Nursery furniture,Cover
ANTILOP,Nursery furniture,Cover
TROFAST,Nursery furniture,Wall Mounted Storage
TROFAST,Nursery furniture,Storage Combination
STUVA / FRITIDS,Nursery furniture,Bench with Toy Storage
SUNDVIK,Nursery furniture,Wardrobe
STUVA / FÖLJA,Nursery furniture,Changing Table with Drawers
BUSUNGE,Nursery furniture,Wardrobe
STUVA / FRITIDS,Nursery furniture,Wardrobe with Bench
TROFAST,Nursery furniture,Shelf
TROFAST,Nursery furniture,Storage Combination
STUVA / FRITIDS,Nursery furniture,Cot with Drawers
TROFAST,Nursery furniture,Storage Frame
TROFAST,Nursery furniture,Storage Combination
TROFAST,Nursery furniture,Storage Combination
TROFAST,Nursery furniture,Storage Box
SMÅGÖRA,Nursery furniture,Shelf Unit
TROFAST,Nursery furniture,Storage Combination
LANGUR,Nursery furniture,Highchair with Tray
STUVA / FRITIDS,Nursery furniture,6 Drawer Chest
STUVA / FRITIDS,Nursery furniture,Cot with Drawers
STUVA,Nursery furniture,Changing Table Desk
BLÅMES,Nursery furniture,Highchair with Tray
SUNDVIK,Nursery furniture,Changing Table Chest
TROFAST,Nursery furniture,Shelf
TROFAST,Nursery furniture,Wall Mounted Storage
TROFAST,Nursery furniture,Storage Box
ANTILOP,Nursery furniture,Highchair Tray
LANGUR,Nursery furniture,Highchair
TROFAST,Nursery furniture,Storage Combination
LANGUR,Nursery furniture,Highchair Seat Shell
STUVA / FRITIDS,Nursery furniture,Cot with Drawers
TROFAST,Nursery furniture,Storage Combination
TROFAST,Nursery furniture,Lid
TROFAST,Nursery furniture,Storage Frame
TROFAST,Nursery furniture,Storage Combination
TROFAST,Nursery furniture,Storage Box
TROFAST,Nursery furniture,Storage Combination
STUVA / FRITIDS,Nursery furniture,Toy Storage with Wheels
TROFAST,Nursery furniture,Storage Combination
TROFAST,Nursery furniture,Storage Frame
GONATT,Nursery furniture,Cot
BUSUNGE,Nursery furniture,2 Drawer Chest
BUSUNGE,Nursery furniture,2 Drawer Chest
TROFAST,Nursery furniture,Storage Box
TROFAST,Nursery furniture,Storage Frame
TROFAST,Nursery furniture,Storage Combination
STUVA / FRITIDS,Nursery furniture,Bookcase with Drawers
STUVA / FRITIDS,Nursery furniture,Wardrobe
TROFAST,Nursery furniture,Storage Combination
LANGUR,Nursery furniture,Highchair Tray
TROFAST,Nursery furniture,Storage Combination
TROFAST,Nursery furniture,Storage Frame
TROFAST,Nursery furniture,Storage Frame
TROFAST,Nursery furniture,Storage Frame
TROFAST,Nursery furniture,Storage Box
STUVA / FRITIDS,Nursery furniture,3 Drawer Chest
STUVA / FÖLJA,Nursery furniture,Cot with Drawers
TROFAST,Nursery furniture,Wall Mounted Storage
TROFAST,Nursery furniture,Storage Box
TROFAST,Nursery furniture,Storage Box
TROFAST,Nursery furniture,Storage Box
TROFAST,Nursery furniture,Storage Box
TÄRNÖ,Outdoor furniture,Outdoor Table Chairs
GÅRÖ / FREDÖN,Outdoor furniture,Hammock Stand
FALHOLMEN,Outdoor furniture,Outdoor Table Chairs
ÄPPLARÖ,Outdoor furniture,Outdoor Table Stool
ÄPPLARÖ,Outdoor furniture,Outdoor Bench
MASTHOLMEN,Outdoor furniture,Outdoor Conversation Set
ÄPPLARÖ,Outdoor furniture,Outdoor Table Chairs Bench
TOSTERÖ,Outdoor furniture,Outdoor Storage Box
ÄPPLARÖ,Outdoor furniture,Outdoor Wall Panel Table
BROMMÖ,Outdoor furniture,Outdoor Lounger
ÄPPLARÖ,Outdoor furniture,Outdoor Table Chairs Bench
FREDÖN,Outdoor furniture,Hammock
RESÖ,Outdoor furniture,Kids Picnic Table
ÄPPLARÖ,Outdoor furniture,Outdoor Stool
ÄPPLARÖ,Outdoor furniture,Outdoor Modular Sofa
ÄPPLARÖ,Outdoor furniture,Outdoor Wall Panel Table Chairs
TOSTERÖ,Outdoor furniture,Parasol Cover
ÄPPLARÖ,Outdoor furniture,Outdoor Conversation Set
HAVSTEN,Outdoor furniture,Outdoor Add On Unit
KROKHOLMEN,Outdoor furniture,Outdoor Coffee Table
ÄPPLARÖ,Outdoor furniture,Outdoor Armchair
FALHOLMEN,Outdoor furniture,Outdoor Armchair
ÄPPLARÖ,Outdoor furniture,Outdoor Bench
SOLLERÖN,Outdoor furniture,Outdoor Conversation Set
ÄPPLARÖ,Outdoor furniture,Sun Lounger
VÄDDÖ,Outdoor furniture,Outdoor Table Chairs
HÅLLÖ,Outdoor furniture,Sun Lounger Pad
SJÄLLAND,Outdoor furniture,Table Top
MASTHOLMEN,Outdoor furniture,Outdoor Armchair
ASKHOLMEN,Outdoor furniture,Outdoor Table Chairs
ASKHOLMEN,Outdoor furniture,Outdoor Table Chairs
STACKHOLMEN,Outdoor furniture,Outdoor Stool
ÄPPLARÖ,Outdoor furniture,Outdoor Reclining Chair
ÄPPLARÖ,Outdoor furniture,Outdoor Gateleg Table
HAVSTEN,Outdoor furniture,Indoor Outdoor Conversation Set
ÄPPLARÖ,Outdoor furniture,Outdoor Modular Sofa
ÄPPLARÖ,Outdoor furniture,Outdoor Table
TOSTERÖ,Outdoor furniture,Furniture Set Cover
VÄDDÖ,Outdoor furniture,Outdoor Table Chairs
ÄPPLARÖ,Outdoor furniture,Outdoor Drop Leaf Table
ÄPPLARÖ,Outdoor furniture,Outdoor Table Chairs
TÄRNÖ,Outdoor furniture,Outdoor Table
ASKHOLMEN,Outdoor furniture,Outdoor Table
SKARPÖ,Outdoor furniture,Outdoor Armchair
MASTHOLMEN,Outdoor furniture,Outdoor Coffee Table
BENÖ,Outdoor furniture,Outdoor Chair Pad
TÄRNÖ,Outdoor furniture,Outdoor Chair
SOLLERÖN,Outdoor furniture,Outdoor Coffee Table
ÄPPLARÖ,Outdoor furniture,Outdoor Table Reclining Chairs
ÄPPLARÖ,Outdoor furniture,Outdoor Wall Gateleg Table
ÄPPLARÖ,Outdoor furniture,Outdoor Table Reclining Chairs
ÄPPLARÖ,Outdoor furniture,Outdoor Modular Sofa
MASTHOLMEN,Outdoor furniture,Outdoor Conversation Set
ÄPPLARÖ,Outdoor furniture,Reclining Chair Set
KUDDARNA,Outdoor furniture,Outdoor Back Cushion
VÄDDÖ,Outdoor furniture,Outdoor Stool
INNAMO,Outdoor furniture,Outdoor Armchair
ÄPPLARÖ,Outdoor furniture,Outdoor Single Seat
TOSTERÖ,Outdoor furniture,Cushion Storage Bag
ASKHOLMEN,Outdoor furniture,Outdoor Wall Table Set
VÄDDÖ,Outdoor furniture,Outdoor Table
LÄCKÖ,Outdoor furniture,Outdoor Table Chair Set
ÄPPLARÖ,Outdoor furniture,Outdoor Modular Sofa
TOSTERÖ,Outdoor furniture,Cushion Storage Bag
KUDDARNA,Outdoor furniture,Outdoor Seat Cushion
SJÄLLAND,Outdoor furniture,Outdoor Table Armchair Set
BUSSAN,Outdoor furniture,Indoor Outdoor Beanbag
ÄPPLARÖ,Outdoor furniture,Outdoor Folding Chair Set
GÅRÖ,Outdoor furniture,Outdoor Hammock Stand
HAVSTEN,Outdoor furniture,Indoor Outdoor Sofa
KUNGSHOLMEN,Outdoor furniture,Outdoor Corner Sofa
ASKHOLMEN,Outdoor furniture,Outdoor Table
FEJAN,Outdoor furniture,Outdoor Chair
ÄPPLARÖ,Outdoor furniture,Outdoor Easy Chair
